"/~nmchenry1/index_charts.html,29624.699951171875,32.100000000000186,1525109014800.3,---Note: Column1. HTML NAME 2.Elapsed Time, 3.Tick Count 4.Global start Time Stamp in ms/Xpos 5.Description/Ypos---"
/~nmchenry1/index_charts.html,4976.699951171875,219,153
/~nmchenry1/index_charts.html,4992.699951171875,356,206
/~nmchenry1/index_charts.html,5009.699951171875,386,225
/~nmchenry1/index_charts.html,5026.699951171875,358,227
/~nmchenry1/index_charts.html,5042.699951171875,303,219
/~nmchenry1/index_charts.html,5058.699951171875,280,215
/~nmchenry1/index_charts.html,5075.699951171875,272,214
/~nmchenry1/index_charts.html,5176.699951171875,272,213
/~nmchenry1/index_charts.html,5192.699951171875,272,210
/~nmchenry1/index_charts.html,5209.699951171875,272,205
/~nmchenry1/index_charts.html,5291.699951171875,272,207
/~nmchenry1/index_charts.html,5309.699951171875,267,218
/~nmchenry1/index_charts.html,5326.699951171875,264,224
/~nmchenry1/index_charts.html,5342.699951171875,260,228
/~nmchenry1/index_charts.html,5358.699951171875,257,235
/~nmchenry1/index_charts.html,5376.699951171875,252,247
/~nmchenry1/index_charts.html,5393.699951171875,248,259
/~nmchenry1/index_charts.html,5408.699951171875,238,272
/~nmchenry1/index_charts.html,5425.699951171875,231,280
/~nmchenry1/index_charts.html,5442.699951171875,224,284
/~nmchenry1/index_charts.html,5459.699951171875,222,285
/~nmchenry1/index_charts.html,5591.699951171875,227,283
/~nmchenry1/index_charts.html,5609.699951171875,249,267
/~nmchenry1/index_charts.html,5625.699951171875,269,250
/~nmchenry1/index_charts.html,5642.699951171875,281,238
/~nmchenry1/index_charts.html,5658.699951171875,285,233
/~nmchenry1/index_charts.html,5677.699951171875,286,232
/~nmchenry1/index_charts.html,5709.699951171875,284,232
/~nmchenry1/index_charts.html,5725.699951171875,284,233
/~nmchenry1/index_charts.html,5741.699951171875,283,235
/~nmchenry1/index_charts.html,5758.699951171875,283,236
/~nmchenry1/index_charts.html,5776.699951171875,282,237
/~nmchenry1/index_charts.html,5793.699951171875,282,238
/~nmchenry1/index_charts.html,5809.699951171875,280,239
/~nmchenry1/index_charts.html,5826.699951171875,276,245
/~nmchenry1/index_charts.html,5841.699951171875,270,251
/~nmchenry1/index_charts.html,5858.699951171875,265,257
/~nmchenry1/index_charts.html,5875.699951171875,260,260
/~nmchenry1/index_charts.html,5893.699951171875,259,260
/~nmchenry1/index_charts.html,6275.699951171875,260,260
/~nmchenry1/index_charts.html,6292.699951171875,261,260
/~nmchenry1/index_charts.html,6311.699951171875,262,260
/~nmchenry1/index_charts.html,6392.699951171875,265,260
/~nmchenry1/index_charts.html,6409.699951171875,266,261
/~nmchenry1/index_charts.html,6426.699951171875,268,261
/~nmchenry1/index_charts.html,6442.699951171875,269,261
/~nmchenry1/index_charts.html,6459.699951171875,270,261
/~nmchenry1/index_charts.html,6542.699951171875,271,260
/~nmchenry1/index_charts.html,6792.699951171875,270,260
/~nmchenry1/index_charts.html,6809.699951171875,269,260
/~nmchenry1/index_charts.html,6824.699951171875,267,261
/~nmchenry1/index_charts.html,6842.699951171875,267,262
/~nmchenry1/index_charts.html,6858.699951171875,267,263
/~nmchenry1/index_charts.html,7075.699951171875,267,264
/~nmchenry1/index_charts.html,7093.699951171875,265,264
/~nmchenry1/index_charts.html,7110.699951171875,264,264
/~nmchenry1/index_charts.html,7225.699951171875,264,265
/~nmchenry1/index_charts.html,7243.699951171875,265,265
/~nmchenry1/index_charts.html,7258.699951171875,266,265
/~nmchenry1/index_charts.html,18010.699951171875,264,264
/~nmchenry1/index_charts.html,18026.699951171875,250,245
/~nmchenry1/index_charts.html,18042.699951171875,241,233
/~nmchenry1/index_charts.html,18058.699951171875,228,220
/~nmchenry1/index_charts.html,18077.699951171875,206,195
/~nmchenry1/index_charts.html,18093.699951171875,191,182
/~nmchenry1/index_charts.html,18108.699951171875,178,169
/~nmchenry1/index_charts.html,18126.699951171875,168,158
/~nmchenry1/index_charts.html,18142.699951171875,160,148
/~nmchenry1/index_charts.html,18159.699951171875,153,138
/~nmchenry1/index_charts.html,18176.699951171875,146,130
/~nmchenry1/index_charts.html,18193.699951171875,144,125
/~nmchenry1/index_charts.html,18209.699951171875,144,123
/~nmchenry1/index_charts.html,18225.699951171875,143,120
/~nmchenry1/index_charts.html,18242.699951171875,142,116
/~nmchenry1/index_charts.html,18258.699951171875,141,109
/~nmchenry1/index_charts.html,18276.699951171875,139,105
/~nmchenry1/index_charts.html,18291.699951171875,139,104
/~nmchenry1/index_charts.html,18342.699951171875,139,102
/~nmchenry1/index_charts.html,18376.699951171875,139,99
/~nmchenry1/index_charts.html,18393.699951171875,141,96
/~nmchenry1/index_charts.html,18409.699951171875,144,90
/~nmchenry1/index_charts.html,18426.699951171875,150,83
/~nmchenry1/index_charts.html,18441.699951171875,154,78
/~nmchenry1/index_charts.html,18458.699951171875,156,73
/~nmchenry1/index_charts.html,18476.699951171875,158,71
/~nmchenry1/index_charts.html,18492.699951171875,158,70
/~nmchenry1/index_charts.html,18642.699951171875,159,70
/~nmchenry1/index_charts.html,18659.699951171875,160,72
/~nmchenry1/index_charts.html,18676.699951171875,163,77
/~nmchenry1/index_charts.html,18692.699951171875,168,81
/~nmchenry1/index_charts.html,18708.699951171875,172,83
/~nmchenry1/index_charts.html,18724.699951171875,173,83
/~nmchenry1/index_charts.html,18810.699951171875,175,83
/~nmchenry1/index_charts.html,18825.699951171875,177,83
/~nmchenry1/index_charts.html,18841.699951171875,182,83
/~nmchenry1/index_charts.html,18858.699951171875,188,83
/~nmchenry1/index_charts.html,18875.699951171875,192,83
/~nmchenry1/index_charts.html,18925.699951171875,193,83
/~nmchenry1/index_charts.html,18942.699951171875,194,83
/~nmchenry1/index_charts.html,18958.699951171875,195,82
/~nmchenry1/index_charts.html,18975.699951171875,199,78
/~nmchenry1/index_charts.html,18991.699951171875,202,76
/~nmchenry1/index_charts.html,19009.699951171875,203,75
/~nmchenry1/index_charts.html,19027.699951171875,204,74
/~nmchenry1/index_charts.html,19042.699951171875,205,73
/~nmchenry1/index_charts.html,19058.699951171875,206,72
/~nmchenry1/index_charts.html,19175.699951171875,208,73
/~nmchenry1/index_charts.html,19193.699951171875,214,77
/~nmchenry1/index_charts.html,19208.699951171875,219,81
/~nmchenry1/index_charts.html,19225.699951171875,228,87
/~nmchenry1/index_charts.html,19243.699951171875,232,89
/~nmchenry1/index_charts.html,19258.699951171875,232,90
/~nmchenry1/index_charts.html,19276.699951171875,233,90
/~nmchenry1/index_charts.html,19325.699951171875,236,92
/~nmchenry1/index_charts.html,19341.699951171875,249,97
/~nmchenry1/index_charts.html,19359.699951171875,258,100
/~nmchenry1/index_charts.html,19375.699951171875,262,102
/~nmchenry1/index_charts.html,19391.699951171875,262,103
/~nmchenry1/index_charts.html,19426.699951171875,262,104
/~nmchenry1/index_charts.html,19441.699951171875,264,105
/~nmchenry1/index_charts.html,19458.699951171875,265,108
/~nmchenry1/index_charts.html,19474.699951171875,268,109
/~nmchenry1/index_charts.html,19492.699951171875,268,111
/~nmchenry1/index_charts.html,19660.699951171875,268,115
/~nmchenry1/index_charts.html,19674.699951171875,266,119
/~nmchenry1/index_charts.html,19691.699951171875,259,134
/~nmchenry1/index_charts.html,19708.699951171875,258,180
/~nmchenry1/index_charts.html,19726.699951171875,264,224
/~nmchenry1/index_charts.html,19742.699951171875,266,253
/~nmchenry1/index_charts.html,19759.699951171875,273,279
/~nmchenry1/index_charts.html,19777.699951171875,279,295
/~nmchenry1/index_charts.html,19792.699951171875,286,307
/~nmchenry1/index_charts.html,19810.699951171875,293,321
/~nmchenry1/index_charts.html,19825.699951171875,299,334
/~nmchenry1/index_charts.html,19842.699951171875,306,348
/~nmchenry1/index_charts.html,19858.699951171875,315,364
/~nmchenry1/index_charts.html,19875.699951171875,319,375
/~nmchenry1/index_charts.html,19892.699951171875,320,380
/~nmchenry1/index_charts.html,19909.699951171875,320,381
/~nmchenry1/index_charts.html,19959.699951171875,319,381
/~nmchenry1/index_charts.html,19975.699951171875,318,381
/~nmchenry1/index_charts.html,19991.699951171875,314,379
/~nmchenry1/index_charts.html,20008.699951171875,308,377
/~nmchenry1/index_charts.html,20025.699951171875,301,374
/~nmchenry1/index_charts.html,20042.699951171875,293,371
/~nmchenry1/index_charts.html,20058.699951171875,284,368
/~nmchenry1/index_charts.html,20076.699951171875,273,363
/~nmchenry1/index_charts.html,20092.699951171875,267,360
/~nmchenry1/index_charts.html,20108.699951171875,264,359
/~nmchenry1/index_charts.html,20125.699951171875,263,357
/~nmchenry1/index_charts.html,20143.699951171875,262,357
/~nmchenry1/index_charts.html,20159.699951171875,262,355
/~nmchenry1/index_charts.html,20175.699951171875,261,354
/~nmchenry1/index_charts.html,20193.699951171875,260,353
/~nmchenry1/index_charts.html,20276.699951171875,260,352
/~nmchenry1/index_charts.html,20292.699951171875,260,350
/~nmchenry1/index_charts.html,20308.699951171875,261,349
/~nmchenry1/index_charts.html,20327.699951171875,261,347
/~nmchenry1/index_charts.html,20344.699951171875,261,346
/~nmchenry1/index_charts.html,20358.699951171875,261,345
/~nmchenry1/index_charts.html,20392.699951171875,261,344
/~nmchenry1/index_charts.html,20425.699951171875,261,343
/~nmchenry1/index_charts.html,20443.699951171875,261,342
/~nmchenry1/index_charts.html,20458.699951171875,262,341
/~nmchenry1/index_charts.html,20493.699951171875,262,340
/~nmchenry1/index_charts.html,20742.699951171875,262,341
/~nmchenry1/index_charts.html,20758.699951171875,263,341
/~nmchenry1/index_charts.html,20776.699951171875,263,342
/~nmchenry1/index_charts.html,20809.699951171875,263,343
/~nmchenry1/index_charts.html,20824.699951171875,263,344
/~nmchenry1/index_charts.html,20842.699951171875,264,345
/~nmchenry1/index_charts.html,22926.699951171875,264,346
/~nmchenry1/index_charts.html,22942.699951171875,264,347
/~nmchenry1/index_charts.html,22958.699951171875,262,350
/~nmchenry1/index_charts.html,22976.699951171875,259,353
/~nmchenry1/index_charts.html,22993.699951171875,257,355
/~nmchenry1/index_charts.html,23008.699951171875,256,356
/~nmchenry1/index_charts.html,23024.699951171875,256,357
/~nmchenry1/index_charts.html,23041.699951171875,256,358
/~nmchenry1/index_charts.html,23058.699951171875,255,358
/~nmchenry1/index_charts.html,23126.699951171875,255,359
/~nmchenry1/index_charts.html,23191.699951171875,255,360
/~nmchenry1/index_charts.html,23225.699951171875,255,361
/~nmchenry1/index_charts.html,23325.699951171875,255,362
/~nmchenry1/index_charts.html,23577.699951171875,254,362
/~nmchenry1/index_charts.html,23592.699951171875,254,363
/~nmchenry1/index_charts.html,23609.699951171875,254,364
/~nmchenry1/index_charts.html,23624.699951171875,253,364
/~nmchenry1/index_charts.html,23642.699951171875,253,365
/~nmchenry1/index_charts.html,23675.699951171875,252,365
/~nmchenry1/index_charts.html,23693.699951171875,250,366
/~nmchenry1/index_charts.html,23708.699951171875,249,366
/~nmchenry1/index_charts.html,23743.699951171875,248,366
/~nmchenry1/index_charts.html,23860.699951171875,248,367
/~nmchenry1/index_charts.html,25808.699951171875,250,368
/~nmchenry1/index_charts.html,25826.699951171875,264,381
/~nmchenry1/index_charts.html,25842.699951171875,279,390
/~nmchenry1/index_charts.html,25859.699951171875,286,398
/~nmchenry1/index_charts.html,25875.699951171875,291,403
/~nmchenry1/index_charts.html,25892.699951171875,293,407
/~nmchenry1/index_charts.html,25908.699951171875,293,409
/~nmchenry1/index_charts.html,25925.699951171875,293,410
/~nmchenry1/index_charts.html,25941.699951171875,292,410
/~nmchenry1/index_charts.html,25992.699951171875,291,410
/~nmchenry1/index_charts.html,26008.699951171875,288,411
/~nmchenry1/index_charts.html,26025.699951171875,285,412
/~nmchenry1/index_charts.html,26042.699951171875,283,413
/~nmchenry1/index_charts.html,26060.699951171875,280,414
/~nmchenry1/index_charts.html,26075.699951171875,278,414
/~nmchenry1/index_charts.html,26092.699951171875,277,415
/~nmchenry1/index_charts.html,26109.699951171875,275,416
/~nmchenry1/index_charts.html,26125.699951171875,272,417
/~nmchenry1/index_charts.html,26142.699951171875,269,419
/~nmchenry1/index_charts.html,26159.699951171875,266,420
/~nmchenry1/index_charts.html,26175.699951171875,266,422
/~nmchenry1/index_charts.html,26193.699951171875,265,422
/~nmchenry1/index_charts.html,26241.699951171875,261,422
/~nmchenry1/index_charts.html,26258.699951171875,254,422
/~nmchenry1/index_charts.html,26276.699951171875,243,421
/~nmchenry1/index_charts.html,26292.699951171875,241,421
/~nmchenry1/index_charts.html,26309.699951171875,239,421
/~nmchenry1/index_charts.html,26341.699951171875,238,421
/~nmchenry1/index_charts.html,26360.699951171875,238,420
/~nmchenry1/index_charts.html,26374.699951171875,237,420
/~nmchenry1/index_charts.html,26391.699951171875,235,420
/~nmchenry1/index_charts.html,26408.699951171875,232,420
/~nmchenry1/index_charts.html,26426.699951171875,230,420
/~nmchenry1/index_charts.html,26444.699951171875,229,420
/~nmchenry1/index_charts.html,26508.699951171875,228,420
/~nmchenry1/index_charts.html,26525.699951171875,227,419
/~nmchenry1/index_charts.html,26542.699951171875,226,419
/~nmchenry1/index_charts.html,26558.699951171875,225,419
/~nmchenry1/index_charts.html,26608.699951171875,224,419
/~nmchenry1/index_charts.html,26824.699951171875,224,418
/~nmchenry1/index_charts.html,29175.699951171875,225,418
/~nmchenry1/index_charts.html,29192.699951171875,227,418
/~nmchenry1/index_charts.html,29209.699951171875,232,418
/~nmchenry1/index_charts.html,29225.699951171875,235,418
/~nmchenry1/index_charts.html,29241.699951171875,237,419
/~nmchenry1/index_charts.html,29259.699951171875,239,419
/~nmchenry1/index_charts.html,29276.699951171875,242,419
/~nmchenry1/index_charts.html,29292.699951171875,251,393
/~nmchenry1/index_charts.html,29308.699951171875,258,352
/~nmchenry1/index_charts.html,29325.699951171875,267,305
/~nmchenry1/index_charts.html,29342.699951171875,276,278
/~nmchenry1/index_charts.html,29358.699951171875,281,263
/~nmchenry1/index_charts.html,29374.699951171875,283,256
/~nmchenry1/index_charts.html,29391.699951171875,285,252
/~nmchenry1/index_charts.html,29407.699951171875,285,250
/~nmchenry1/index_charts.html,29591.699951171875,285,249
/~nmchenry1/index_charts.html,29608.699951171875,285,247
/~nmchenry1/index_charts.html,29624.699951171875,286,245
"/~nmchenry1/index_tree.html,24334.300048828125,8.399999999999988,1525109047673.7,---Note: Column1. HTML NAME 2.Elapsed Time, 3.Tick Count 4.Global start Time Stamp in ms/Xpos 5.Description/Ypos---"
/~nmchenry1/index_tree.html,269.300048828125,190,74
/~nmchenry1/index_tree.html,285.300048828125,189,76
/~nmchenry1/index_tree.html,301.300048828125,189,79
/~nmchenry1/index_tree.html,336.300048828125,202,101
/~nmchenry1/index_tree.html,352.300048828125,215,117
/~nmchenry1/index_tree.html,369.300048828125,230,132
/~nmchenry1/index_tree.html,386.300048828125,243,151
/~nmchenry1/index_tree.html,401.300048828125,257,170
/~nmchenry1/index_tree.html,419.300048828125,278,201
/~nmchenry1/index_tree.html,435.300048828125,286,212
/~nmchenry1/index_tree.html,451.300048828125,319,260
/~nmchenry1/index_tree.html,469.300048828125,339,289
/~nmchenry1/index_tree.html,485.300048828125,353,309
/~nmchenry1/index_tree.html,501.300048828125,362,323
/~nmchenry1/index_tree.html,519.300048828125,366,329
/~nmchenry1/index_tree.html,534.300048828125,369,334
/~nmchenry1/index_tree.html,552.300048828125,371,336
/~nmchenry1/index_tree.html,568.300048828125,373,338
/~nmchenry1/index_tree.html,585.300048828125,375,340
/~nmchenry1/index_tree.html,601.300048828125,375,341
/~nmchenry1/index_tree.html,619.300048828125,375,342
/~nmchenry1/index_tree.html,634.300048828125,375,343
/~nmchenry1/index_tree.html,652.300048828125,376,343
/~nmchenry1/index_tree.html,919.300048828125,377,343
/~nmchenry1/index_tree.html,934.300048828125,384,347
/~nmchenry1/index_tree.html,952.300048828125,392,350
/~nmchenry1/index_tree.html,968.300048828125,398,351
/~nmchenry1/index_tree.html,986.300048828125,405,354
/~nmchenry1/index_tree.html,1003.300048828125,412,356
/~nmchenry1/index_tree.html,1018.300048828125,413,357
/~nmchenry1/index_tree.html,1034.300048828125,420,358
/~nmchenry1/index_tree.html,1052.300048828125,427,359
/~nmchenry1/index_tree.html,1069.300048828125,436,360
/~nmchenry1/index_tree.html,1085.300048828125,447,362
/~nmchenry1/index_tree.html,1103.300048828125,453,362
/~nmchenry1/index_tree.html,1119.300048828125,457,362
/~nmchenry1/index_tree.html,1136.300048828125,458,363
/~nmchenry1/index_tree.html,1151.300048828125,459,363
/~nmchenry1/index_tree.html,1169.300048828125,461,364
/~nmchenry1/index_tree.html,1185.300048828125,463,364
/~nmchenry1/index_tree.html,1201.300048828125,466,365
/~nmchenry1/index_tree.html,1220.300048828125,471,365
/~nmchenry1/index_tree.html,1235.300048828125,473,365
/~nmchenry1/index_tree.html,1251.300048828125,473,366
/~nmchenry1/index_tree.html,1737.300048828125,472,366
/~nmchenry1/index_tree.html,1751.300048828125,470,365
/~nmchenry1/index_tree.html,1769.300048828125,445,349
/~nmchenry1/index_tree.html,1785.300048828125,416,332
/~nmchenry1/index_tree.html,1802.300048828125,388,314
/~nmchenry1/index_tree.html,1818.300048828125,367,299
/~nmchenry1/index_tree.html,1834.300048828125,350,282
/~nmchenry1/index_tree.html,1852.300048828125,347,277
/~nmchenry1/index_tree.html,1868.300048828125,345,272
/~nmchenry1/index_tree.html,1885.300048828125,344,268
/~nmchenry1/index_tree.html,1902.300048828125,340,264
/~nmchenry1/index_tree.html,1918.300048828125,336,261
/~nmchenry1/index_tree.html,1936.300048828125,334,258
/~nmchenry1/index_tree.html,1951.300048828125,333,257
/~nmchenry1/index_tree.html,1969.300048828125,333,256
/~nmchenry1/index_tree.html,1986.300048828125,333,254
/~nmchenry1/index_tree.html,2003.300048828125,333,248
/~nmchenry1/index_tree.html,2018.300048828125,333,243
/~nmchenry1/index_tree.html,2035.300048828125,330,236
/~nmchenry1/index_tree.html,2051.300048828125,327,231
/~nmchenry1/index_tree.html,2068.300048828125,324,225
/~nmchenry1/index_tree.html,2085.300048828125,322,222
/~nmchenry1/index_tree.html,2102.300048828125,321,216
/~nmchenry1/index_tree.html,2118.300048828125,317,208
/~nmchenry1/index_tree.html,2135.300048828125,312,195
/~nmchenry1/index_tree.html,2151.300048828125,306,182
/~nmchenry1/index_tree.html,2169.300048828125,302,178
/~nmchenry1/index_tree.html,2186.300048828125,302,177
/~nmchenry1/index_tree.html,2202.300048828125,302,174
/~nmchenry1/index_tree.html,2218.300048828125,301,172
/~nmchenry1/index_tree.html,2235.300048828125,298,167
/~nmchenry1/index_tree.html,2251.300048828125,297,165
/~nmchenry1/index_tree.html,2270.300048828125,296,164
/~nmchenry1/index_tree.html,2385.300048828125,295,164
/~nmchenry1/index_tree.html,2402.300048828125,294,164
/~nmchenry1/index_tree.html,2435.300048828125,292,164
/~nmchenry1/index_tree.html,2469.300048828125,291,166
/~nmchenry1/index_tree.html,2486.300048828125,290,168
/~nmchenry1/index_tree.html,2503.300048828125,289,171
/~nmchenry1/index_tree.html,2519.300048828125,289,173
/~nmchenry1/index_tree.html,2535.300048828125,289,175
/~nmchenry1/index_tree.html,2552.300048828125,289,177
/~nmchenry1/index_tree.html,2568.300048828125,292,181
/~nmchenry1/index_tree.html,2585.300048828125,292,182
/~nmchenry1/index_tree.html,2602.300048828125,293,183
/~nmchenry1/index_tree.html,2652.300048828125,294,183
/~nmchenry1/index_tree.html,2702.300048828125,296,183
/~nmchenry1/index_tree.html,2720.300048828125,296,182
/~nmchenry1/index_tree.html,2735.300048828125,296,181
/~nmchenry1/index_tree.html,2751.300048828125,297,179
/~nmchenry1/index_tree.html,2770.300048828125,297,176
/~nmchenry1/index_tree.html,2786.300048828125,298,174
/~nmchenry1/index_tree.html,2802.300048828125,299,174
/~nmchenry1/index_tree.html,2819.300048828125,299,171
/~nmchenry1/index_tree.html,2852.300048828125,299,169
/~nmchenry1/index_tree.html,2869.300048828125,299,168
/~nmchenry1/index_tree.html,2886.300048828125,299,167
/~nmchenry1/index_tree.html,3185.300048828125,299,168
/~nmchenry1/index_tree.html,4236.300048828125,298,168
/~nmchenry1/index_tree.html,4553.300048828125,297,168
/~nmchenry1/index_tree.html,4569.300048828125,296,168
/~nmchenry1/index_tree.html,4685.300048828125,295,168
/~nmchenry1/index_tree.html,5068.300048828125,295,167
/~nmchenry1/index_tree.html,5084.300048828125,294,166
/~nmchenry1/index_tree.html,5102.300048828125,293,165
/~nmchenry1/index_tree.html,5486.300048828125,294,165
/~nmchenry1/index_tree.html,5502.300048828125,301,168
/~nmchenry1/index_tree.html,5517.300048828125,314,172
/~nmchenry1/index_tree.html,5535.300048828125,328,176
/~nmchenry1/index_tree.html,5552.300048828125,344,181
/~nmchenry1/index_tree.html,5569.300048828125,359,184
/~nmchenry1/index_tree.html,5584.300048828125,374,186
/~nmchenry1/index_tree.html,5602.300048828125,382,186
/~nmchenry1/index_tree.html,5618.300048828125,392,186
/~nmchenry1/index_tree.html,5635.300048828125,394,186
/~nmchenry1/index_tree.html,5652.300048828125,401,186
/~nmchenry1/index_tree.html,5668.300048828125,407,186
/~nmchenry1/index_tree.html,5686.300048828125,412,185
/~nmchenry1/index_tree.html,5702.300048828125,414,185
/~nmchenry1/index_tree.html,5719.300048828125,416,185
/~nmchenry1/index_tree.html,5736.300048828125,418,186
/~nmchenry1/index_tree.html,5751.300048828125,423,187
/~nmchenry1/index_tree.html,5768.300048828125,433,191
/~nmchenry1/index_tree.html,5785.300048828125,443,193
/~nmchenry1/index_tree.html,5803.300048828125,449,193
/~nmchenry1/index_tree.html,5818.300048828125,451,193
/~nmchenry1/index_tree.html,5851.300048828125,452,193
/~nmchenry1/index_tree.html,5868.300048828125,455,193
/~nmchenry1/index_tree.html,5885.300048828125,459,193
/~nmchenry1/index_tree.html,5901.300048828125,465,193
/~nmchenry1/index_tree.html,5918.300048828125,468,193
/~nmchenry1/index_tree.html,5935.300048828125,474,193
/~nmchenry1/index_tree.html,5952.300048828125,478,194
/~nmchenry1/index_tree.html,5970.300048828125,481,194
/~nmchenry1/index_tree.html,5985.300048828125,485,195
/~nmchenry1/index_tree.html,6002.300048828125,486,195
/~nmchenry1/index_tree.html,6035.300048828125,486,196
/~nmchenry1/index_tree.html,6051.300048828125,487,197
/~nmchenry1/index_tree.html,6151.300048828125,486,197
/~nmchenry1/index_tree.html,6168.300048828125,485,197
/~nmchenry1/index_tree.html,6185.300048828125,483,197
/~nmchenry1/index_tree.html,6203.300048828125,482,197
/~nmchenry1/index_tree.html,6219.300048828125,480,197
/~nmchenry1/index_tree.html,6235.300048828125,479,197
/~nmchenry1/index_tree.html,6268.300048828125,478,197
/~nmchenry1/index_tree.html,6285.300048828125,477,197
/~nmchenry1/index_tree.html,6302.300048828125,474,197
/~nmchenry1/index_tree.html,6503.300048828125,474,196
/~nmchenry1/index_tree.html,6520.300048828125,474,195
/~nmchenry1/index_tree.html,6668.300048828125,474,194
/~nmchenry1/index_tree.html,6869.300048828125,475,194
/~nmchenry1/index_tree.html,7035.300048828125,476,194
/~nmchenry1/index_tree.html,7068.300048828125,476,195
/~nmchenry1/index_tree.html,7087.300048828125,478,195
/~nmchenry1/index_tree.html,7101.300048828125,478,196
/~nmchenry1/index_tree.html,7135.300048828125,478,197
/~nmchenry1/index_tree.html,7618.300048828125,477,197
/~nmchenry1/index_tree.html,7652.300048828125,476,197
/~nmchenry1/index_tree.html,7718.300048828125,475,197
/~nmchenry1/index_tree.html,8118.300048828125,474,197
/~nmchenry1/index_tree.html,8134.300048828125,473,197
/~nmchenry1/index_tree.html,8152.300048828125,472,197
/~nmchenry1/index_tree.html,8318.300048828125,472,196
/~nmchenry1/index_tree.html,8903.300048828125,472,197
/~nmchenry1/index_tree.html,8918.300048828125,472,200
/~nmchenry1/index_tree.html,8935.300048828125,473,207
/~nmchenry1/index_tree.html,8951.300048828125,477,219
/~nmchenry1/index_tree.html,8968.300048828125,480,229
/~nmchenry1/index_tree.html,8985.300048828125,481,235
/~nmchenry1/index_tree.html,9002.300048828125,483,243
/~nmchenry1/index_tree.html,9017.300048828125,486,248
/~nmchenry1/index_tree.html,9035.300048828125,488,256
/~nmchenry1/index_tree.html,9051.300048828125,489,264
/~nmchenry1/index_tree.html,9068.300048828125,491,271
/~nmchenry1/index_tree.html,9085.300048828125,493,280
/~nmchenry1/index_tree.html,9101.300048828125,497,291
/~nmchenry1/index_tree.html,9118.300048828125,500,300
/~nmchenry1/index_tree.html,9135.300048828125,504,311
/~nmchenry1/index_tree.html,9152.300048828125,507,320
/~nmchenry1/index_tree.html,9169.300048828125,507,323
/~nmchenry1/index_tree.html,9184.300048828125,507,324
/~nmchenry1/index_tree.html,9202.300048828125,507,325
/~nmchenry1/index_tree.html,9219.300048828125,506,327
/~nmchenry1/index_tree.html,9235.300048828125,504,327
/~nmchenry1/index_tree.html,9252.300048828125,501,329
/~nmchenry1/index_tree.html,9270.300048828125,498,330
/~nmchenry1/index_tree.html,9285.300048828125,492,330
/~nmchenry1/index_tree.html,9302.300048828125,487,331
/~nmchenry1/index_tree.html,9319.300048828125,477,331
/~nmchenry1/index_tree.html,9334.300048828125,465,332
/~nmchenry1/index_tree.html,9352.300048828125,444,336
/~nmchenry1/index_tree.html,9369.300048828125,425,339
/~nmchenry1/index_tree.html,9384.300048828125,412,341
/~nmchenry1/index_tree.html,9402.300048828125,403,342
/~nmchenry1/index_tree.html,9428.300048828125,394,342
/~nmchenry1/index_tree.html,9435.300048828125,391,343
/~nmchenry1/index_tree.html,9452.300048828125,386,344
/~nmchenry1/index_tree.html,9468.300048828125,380,345
/~nmchenry1/index_tree.html,9485.300048828125,378,345
/~nmchenry1/index_tree.html,9501.300048828125,374,346
/~nmchenry1/index_tree.html,9519.300048828125,367,347
/~nmchenry1/index_tree.html,9535.300048828125,353,349
/~nmchenry1/index_tree.html,9551.300048828125,337,352
/~nmchenry1/index_tree.html,9568.300048828125,324,357
/~nmchenry1/index_tree.html,9585.300048828125,316,362
/~nmchenry1/index_tree.html,9602.300048828125,312,364
/~nmchenry1/index_tree.html,9618.300048828125,312,365
/~nmchenry1/index_tree.html,9635.300048828125,310,366
/~nmchenry1/index_tree.html,9651.300048828125,308,366
/~nmchenry1/index_tree.html,9670.300048828125,306,367
/~nmchenry1/index_tree.html,9685.300048828125,302,368
/~nmchenry1/index_tree.html,9702.300048828125,299,370
/~nmchenry1/index_tree.html,9718.300048828125,297,372
/~nmchenry1/index_tree.html,9735.300048828125,296,372
/~nmchenry1/index_tree.html,9751.300048828125,296,373
/~nmchenry1/index_tree.html,9769.300048828125,296,374
/~nmchenry1/index_tree.html,9801.300048828125,295,374
/~nmchenry1/index_tree.html,9818.300048828125,294,375
/~nmchenry1/index_tree.html,9835.300048828125,293,377
/~nmchenry1/index_tree.html,9870.300048828125,293,379
/~nmchenry1/index_tree.html,9884.300048828125,294,380
/~nmchenry1/index_tree.html,9902.300048828125,296,388
/~nmchenry1/index_tree.html,9918.300048828125,298,396
/~nmchenry1/index_tree.html,9935.300048828125,298,402
/~nmchenry1/index_tree.html,9951.300048828125,298,409
/~nmchenry1/index_tree.html,9968.300048828125,296,420
/~nmchenry1/index_tree.html,9986.300048828125,293,434
/~nmchenry1/index_tree.html,10001.300048828125,291,448
/~nmchenry1/index_tree.html,10019.300048828125,291,460
/~nmchenry1/index_tree.html,10034.300048828125,294,470
/~nmchenry1/index_tree.html,10051.300048828125,296,473
/~nmchenry1/index_tree.html,10070.300048828125,296,474
/~nmchenry1/index_tree.html,10086.300048828125,296,475
/~nmchenry1/index_tree.html,10103.300048828125,297,476
/~nmchenry1/index_tree.html,10118.300048828125,297,479
/~nmchenry1/index_tree.html,10136.300048828125,300,481
/~nmchenry1/index_tree.html,10151.300048828125,301,485
/~nmchenry1/index_tree.html,10168.300048828125,303,488
/~nmchenry1/index_tree.html,10184.300048828125,304,491
/~nmchenry1/index_tree.html,10201.300048828125,304,493
/~nmchenry1/index_tree.html,10217.300048828125,305,494
/~nmchenry1/index_tree.html,10235.300048828125,306,496
/~nmchenry1/index_tree.html,10251.300048828125,306,497
/~nmchenry1/index_tree.html,10269.300048828125,306,498
/~nmchenry1/index_tree.html,10286.300048828125,306,499
/~nmchenry1/index_tree.html,10368.300048828125,304,499
/~nmchenry1/index_tree.html,10386.300048828125,304,498
/~nmchenry1/index_tree.html,10402.300048828125,302,496
/~nmchenry1/index_tree.html,10417.300048828125,301,491
/~nmchenry1/index_tree.html,10434.300048828125,299,488
/~nmchenry1/index_tree.html,10451.300048828125,299,484
/~nmchenry1/index_tree.html,10468.300048828125,298,483
/~nmchenry1/index_tree.html,10485.300048828125,297,483
/~nmchenry1/index_tree.html,10635.300048828125,298,483
/~nmchenry1/index_tree.html,10884.300048828125,298,482
/~nmchenry1/index_tree.html,10901.300048828125,298,481
/~nmchenry1/index_tree.html,11402.300048828125,299,481
/~nmchenry1/index_tree.html,11418.300048828125,299,482
/~nmchenry1/index_tree.html,11435.300048828125,300,483
/~nmchenry1/index_tree.html,11451.300048828125,302,486
/~nmchenry1/index_tree.html,11470.300048828125,304,488
/~nmchenry1/index_tree.html,11486.300048828125,305,490
/~nmchenry1/index_tree.html,11501.300048828125,306,492
/~nmchenry1/index_tree.html,11517.300048828125,307,492
/~nmchenry1/index_tree.html,11535.300048828125,307,493
/~nmchenry1/index_tree.html,11551.300048828125,308,494
/~nmchenry1/index_tree.html,11584.300048828125,308,495
/~nmchenry1/index_tree.html,11601.300048828125,308,497
/~nmchenry1/index_tree.html,11618.300048828125,311,500
/~nmchenry1/index_tree.html,11635.300048828125,314,506
/~nmchenry1/index_tree.html,11651.300048828125,314,509
/~nmchenry1/index_tree.html,11668.300048828125,316,512
/~nmchenry1/index_tree.html,11685.300048828125,317,517
/~nmchenry1/index_tree.html,11701.300048828125,319,523
/~nmchenry1/index_tree.html,11718.300048828125,319,530
/~nmchenry1/index_tree.html,11735.300048828125,319,537
/~nmchenry1/index_tree.html,11751.300048828125,319,546
/~nmchenry1/index_tree.html,11769.300048828125,319,558
/~nmchenry1/index_tree.html,11786.300048828125,319,567
/~nmchenry1/index_tree.html,11802.300048828125,319,578
/~nmchenry1/index_tree.html,11818.300048828125,318,589
/~nmchenry1/index_tree.html,11835.300048828125,317,593
/~nmchenry1/index_tree.html,11851.300048828125,316,596
/~nmchenry1/index_tree.html,11868.300048828125,313,598
/~nmchenry1/index_tree.html,11884.300048828125,312,600
/~nmchenry1/index_tree.html,11901.300048828125,308,603
/~nmchenry1/index_tree.html,11918.300048828125,305,606
/~nmchenry1/index_tree.html,11934.300048828125,302,609
/~nmchenry1/index_tree.html,11952.300048828125,299,611
/~nmchenry1/index_tree.html,11968.300048828125,297,612
/~nmchenry1/index_tree.html,11985.300048828125,296,613
/~nmchenry1/index_tree.html,12019.300048828125,294,613
/~nmchenry1/index_tree.html,12052.300048828125,290,613
/~nmchenry1/index_tree.html,12069.300048828125,289,614
/~nmchenry1/index_tree.html,12101.300048828125,288,614
/~nmchenry1/index_tree.html,12218.300048828125,292,613
/~nmchenry1/index_tree.html,12235.300048828125,304,608
/~nmchenry1/index_tree.html,12251.300048828125,311,606
/~nmchenry1/index_tree.html,12267.300048828125,313,604
/~nmchenry1/index_tree.html,12319.300048828125,313,603
/~nmchenry1/index_tree.html,12453.300048828125,312,602
/~nmchenry1/index_tree.html,12469.300048828125,311,602
/~nmchenry1/index_tree.html,12485.300048828125,309,601
/~nmchenry1/index_tree.html,12502.300048828125,307,600
/~nmchenry1/index_tree.html,12518.300048828125,306,599
/~nmchenry1/index_tree.html,12535.300048828125,305,599
/~nmchenry1/index_tree.html,12551.300048828125,304,599
/~nmchenry1/index_tree.html,12584.300048828125,303,599
/~nmchenry1/index_tree.html,12602.300048828125,303,598
/~nmchenry1/index_tree.html,12618.300048828125,302,598
/~nmchenry1/index_tree.html,12652.300048828125,302,597
/~nmchenry1/index_tree.html,12701.300048828125,301,597
/~nmchenry1/index_tree.html,12718.300048828125,300,597
/~nmchenry1/index_tree.html,12735.300048828125,299,597
/~nmchenry1/index_tree.html,12835.300048828125,298,597
/~nmchenry1/index_tree.html,12884.300048828125,297,597
/~nmchenry1/index_tree.html,12951.300048828125,297,598
/~nmchenry1/index_tree.html,12968.300048828125,298,599
/~nmchenry1/index_tree.html,12984.300048828125,298,600
/~nmchenry1/index_tree.html,13002.300048828125,300,601
/~nmchenry1/index_tree.html,13017.300048828125,300,602
/~nmchenry1/index_tree.html,14301.300048828125,305,602
/~nmchenry1/index_tree.html,14319.300048828125,325,604
/~nmchenry1/index_tree.html,14335.300048828125,358,605
/~nmchenry1/index_tree.html,14352.300048828125,402,606
/~nmchenry1/index_tree.html,14367.300048828125,440,604
/~nmchenry1/index_tree.html,14386.300048828125,484,597
/~nmchenry1/index_tree.html,14402.300048828125,541,587
/~nmchenry1/index_tree.html,14419.300048828125,673,553
/~nmchenry1/index_tree.html,14435.300048828125,782,534
/~nmchenry1/index_tree.html,14452.300048828125,881,516
/~nmchenry1/index_tree.html,14470.300048828125,962,505
/~nmchenry1/index_tree.html,14484.300048828125,1008,501
/~nmchenry1/index_tree.html,14502.300048828125,1026,500
/~nmchenry1/index_tree.html,14517.300048828125,1030,500
/~nmchenry1/index_tree.html,14667.300048828125,1030,501
/~nmchenry1/index_tree.html,14751.300048828125,1030,502
/~nmchenry1/index_tree.html,14768.300048828125,1030,503
/~nmchenry1/index_tree.html,14851.300048828125,1029,503
/~nmchenry1/index_tree.html,14868.300048828125,1027,504
/~nmchenry1/index_tree.html,14885.300048828125,1027,505
/~nmchenry1/index_tree.html,14918.300048828125,1026,506
/~nmchenry1/index_tree.html,14952.300048828125,1025,506
/~nmchenry1/index_tree.html,15250.300048828125,1024,506
/~nmchenry1/index_tree.html,15267.300048828125,1024,505
/~nmchenry1/index_tree.html,15285.300048828125,1023,505
/~nmchenry1/index_tree.html,15335.300048828125,1021,504
/~nmchenry1/index_tree.html,15351.300048828125,1019,504
/~nmchenry1/index_tree.html,15368.300048828125,1011,505
/~nmchenry1/index_tree.html,15385.300048828125,1002,506
/~nmchenry1/index_tree.html,15403.300048828125,994,508
/~nmchenry1/index_tree.html,15418.300048828125,990,510
/~nmchenry1/index_tree.html,15435.300048828125,984,513
/~nmchenry1/index_tree.html,15451.300048828125,979,517
/~nmchenry1/index_tree.html,15468.300048828125,973,524
/~nmchenry1/index_tree.html,15484.300048828125,969,531
/~nmchenry1/index_tree.html,15502.300048828125,965,540
/~nmchenry1/index_tree.html,15517.300048828125,962,546
/~nmchenry1/index_tree.html,15535.300048828125,963,554
/~nmchenry1/index_tree.html,15551.300048828125,968,563
/~nmchenry1/index_tree.html,15569.300048828125,974,570
/~nmchenry1/index_tree.html,15584.300048828125,982,576
/~nmchenry1/index_tree.html,15601.300048828125,992,582
/~nmchenry1/index_tree.html,15618.300048828125,994,584
/~nmchenry1/index_tree.html,15634.300048828125,994,585
/~nmchenry1/index_tree.html,15650.300048828125,994,586
/~nmchenry1/index_tree.html,15668.300048828125,994,588
/~nmchenry1/index_tree.html,15684.300048828125,994,589
/~nmchenry1/index_tree.html,15768.300048828125,995,589
/~nmchenry1/index_tree.html,15784.300048828125,997,590
/~nmchenry1/index_tree.html,15803.300048828125,1000,591
/~nmchenry1/index_tree.html,15818.300048828125,1002,592
/~nmchenry1/index_tree.html,15867.300048828125,1001,592
/~nmchenry1/index_tree.html,15885.300048828125,998,593
/~nmchenry1/index_tree.html,15901.300048828125,992,596
/~nmchenry1/index_tree.html,15917.300048828125,980,597
/~nmchenry1/index_tree.html,15935.300048828125,972,600
/~nmchenry1/index_tree.html,15953.300048828125,966,601
/~nmchenry1/index_tree.html,15968.300048828125,965,601
/~nmchenry1/index_tree.html,16035.300048828125,964,600
/~nmchenry1/index_tree.html,16051.300048828125,964,599
/~nmchenry1/index_tree.html,16068.300048828125,964,598
/~nmchenry1/index_tree.html,16169.300048828125,963,597
/~nmchenry1/index_tree.html,16185.300048828125,960,595
/~nmchenry1/index_tree.html,16203.300048828125,958,594
/~nmchenry1/index_tree.html,16218.300048828125,955,593
/~nmchenry1/index_tree.html,16234.300048828125,947,589
/~nmchenry1/index_tree.html,16251.300048828125,931,583
/~nmchenry1/index_tree.html,16267.300048828125,921,578
/~nmchenry1/index_tree.html,16285.300048828125,914,574
/~nmchenry1/index_tree.html,16301.300048828125,907,568
/~nmchenry1/index_tree.html,16319.300048828125,899,562
/~nmchenry1/index_tree.html,16335.300048828125,891,556
/~nmchenry1/index_tree.html,16352.300048828125,881,549
/~nmchenry1/index_tree.html,16368.300048828125,870,542
/~nmchenry1/index_tree.html,16385.300048828125,857,534
/~nmchenry1/index_tree.html,16401.300048828125,845,527
/~nmchenry1/index_tree.html,16419.300048828125,830,521
/~nmchenry1/index_tree.html,16434.300048828125,825,521
/~nmchenry1/index_tree.html,16450.300048828125,819,520
/~nmchenry1/index_tree.html,16468.300048828125,804,520
/~nmchenry1/index_tree.html,16484.300048828125,776,518
/~nmchenry1/index_tree.html,16500.300048828125,741,516
/~nmchenry1/index_tree.html,16518.300048828125,710,516
/~nmchenry1/index_tree.html,16534.300048828125,685,516
/~nmchenry1/index_tree.html,16552.300048828125,664,515
/~nmchenry1/index_tree.html,16568.300048828125,648,515
/~nmchenry1/index_tree.html,16584.300048828125,637,516
/~nmchenry1/index_tree.html,16601.300048828125,627,517
/~nmchenry1/index_tree.html,16617.300048828125,620,517
/~nmchenry1/index_tree.html,16635.300048828125,610,519
/~nmchenry1/index_tree.html,16651.300048828125,604,522
/~nmchenry1/index_tree.html,16669.300048828125,597,525
/~nmchenry1/index_tree.html,16685.300048828125,594,527
/~nmchenry1/index_tree.html,16701.300048828125,588,531
/~nmchenry1/index_tree.html,16718.300048828125,584,534
/~nmchenry1/index_tree.html,16734.300048828125,578,537
/~nmchenry1/index_tree.html,16752.300048828125,572,539
/~nmchenry1/index_tree.html,16768.300048828125,565,541
/~nmchenry1/index_tree.html,16785.300048828125,559,543
/~nmchenry1/index_tree.html,16801.300048828125,556,544
/~nmchenry1/index_tree.html,16819.300048828125,548,545
/~nmchenry1/index_tree.html,16834.300048828125,545,545
/~nmchenry1/index_tree.html,16851.300048828125,528,544
/~nmchenry1/index_tree.html,16868.300048828125,517,544
/~nmchenry1/index_tree.html,16885.300048828125,507,544
/~nmchenry1/index_tree.html,16901.300048828125,504,544
/~nmchenry1/index_tree.html,16919.300048828125,501,544
/~nmchenry1/index_tree.html,16935.300048828125,497,544
/~nmchenry1/index_tree.html,16952.300048828125,491,544
/~nmchenry1/index_tree.html,16970.300048828125,482,543
/~nmchenry1/index_tree.html,16986.300048828125,475,542
/~nmchenry1/index_tree.html,17001.300048828125,473,541
/~nmchenry1/index_tree.html,17035.300048828125,473,540
/~nmchenry1/index_tree.html,17167.300048828125,474,539
/~nmchenry1/index_tree.html,17186.300048828125,479,539
/~nmchenry1/index_tree.html,17202.300048828125,480,539
/~nmchenry1/index_tree.html,17268.300048828125,482,539
/~nmchenry1/index_tree.html,17285.300048828125,483,538
/~nmchenry1/index_tree.html,17301.300048828125,484,538
/~nmchenry1/index_tree.html,17317.300048828125,484,536
/~nmchenry1/index_tree.html,17334.300048828125,485,536
/~nmchenry1/index_tree.html,17350.300048828125,486,536
/~nmchenry1/index_tree.html,17386.300048828125,486,535
/~nmchenry1/index_tree.html,17401.300048828125,486,534
/~nmchenry1/index_tree.html,17418.300048828125,487,534
/~nmchenry1/index_tree.html,17434.300048828125,486,533
/~nmchenry1/index_tree.html,17586.300048828125,485,533
/~nmchenry1/index_tree.html,17768.300048828125,483,533
/~nmchenry1/index_tree.html,17786.300048828125,482,533
/~nmchenry1/index_tree.html,17801.300048828125,481,533
/~nmchenry1/index_tree.html,17834.300048828125,480,532
/~nmchenry1/index_tree.html,17850.300048828125,478,532
/~nmchenry1/index_tree.html,17885.300048828125,477,532
/~nmchenry1/index_tree.html,17917.300048828125,476,532
/~nmchenry1/index_tree.html,20485.300048828125,477,528
/~nmchenry1/index_tree.html,20500.300048828125,486,510
/~nmchenry1/index_tree.html,20518.300048828125,511,476
/~nmchenry1/index_tree.html,20534.300048828125,543,418
/~nmchenry1/index_tree.html,20552.300048828125,586,331
/~nmchenry1/index_tree.html,20568.300048828125,597,295
/~nmchenry1/index_tree.html,20586.300048828125,600,275
/~nmchenry1/index_tree.html,20601.300048828125,601,257
/~nmchenry1/index_tree.html,20618.300048828125,599,238
/~nmchenry1/index_tree.html,20634.300048828125,596,214
/~nmchenry1/index_tree.html,20651.300048828125,593,169
/~nmchenry1/index_tree.html,20669.300048828125,592,137
/~nmchenry1/index_tree.html,20685.300048828125,590,105
/~nmchenry1/index_tree.html,20703.300048828125,588,85
/~nmchenry1/index_tree.html,20718.300048828125,585,76
/~nmchenry1/index_tree.html,20734.300048828125,583,69
/~nmchenry1/index_tree.html,20752.300048828125,581,66
/~nmchenry1/index_tree.html,20769.300048828125,581,65
/~nmchenry1/index_tree.html,20818.300048828125,579,66
/~nmchenry1/index_tree.html,20835.300048828125,575,70
/~nmchenry1/index_tree.html,20851.300048828125,562,83
/~nmchenry1/index_tree.html,20868.300048828125,554,92
/~nmchenry1/index_tree.html,20885.300048828125,543,103
/~nmchenry1/index_tree.html,20900.300048828125,533,112
/~nmchenry1/index_tree.html,20919.300048828125,527,117
/~nmchenry1/index_tree.html,20935.300048828125,522,121
/~nmchenry1/index_tree.html,20951.300048828125,519,125
/~nmchenry1/index_tree.html,20969.300048828125,515,128
/~nmchenry1/index_tree.html,20985.300048828125,509,132
/~nmchenry1/index_tree.html,21002.300048828125,506,134
/~nmchenry1/index_tree.html,21019.300048828125,504,134
/~nmchenry1/index_tree.html,21051.300048828125,504,135
/~nmchenry1/index_tree.html,21068.300048828125,502,136
/~nmchenry1/index_tree.html,21083.300048828125,500,138
/~nmchenry1/index_tree.html,21101.300048828125,497,140
/~nmchenry1/index_tree.html,21118.300048828125,497,141
/~nmchenry1/index_tree.html,21152.300048828125,497,142
/~nmchenry1/index_tree.html,21168.300048828125,495,143
/~nmchenry1/index_tree.html,21185.300048828125,493,148
/~nmchenry1/index_tree.html,21200.300048828125,492,152
/~nmchenry1/index_tree.html,21218.300048828125,491,154
/~nmchenry1/index_tree.html,21235.300048828125,491,156
/~nmchenry1/index_tree.html,21353.300048828125,489,156
/~nmchenry1/index_tree.html,21368.300048828125,488,156
/~nmchenry1/index_tree.html,21385.300048828125,487,156
/~nmchenry1/index_tree.html,21418.300048828125,485,156
/~nmchenry1/index_tree.html,21434.300048828125,484,155
/~nmchenry1/index_tree.html,21450.300048828125,482,153
/~nmchenry1/index_tree.html,21485.300048828125,481,152
/~nmchenry1/index_tree.html,21517.300048828125,480,152
/~nmchenry1/index_tree.html,21702.300048828125,479,152
/~nmchenry1/index_tree.html,22335.300048828125,479,154
/~nmchenry1/index_tree.html,22534.300048828125,480,154
/~nmchenry1/index_tree.html,22551.300048828125,483,163
/~nmchenry1/index_tree.html,22569.300048828125,486,176
/~nmchenry1/index_tree.html,22585.300048828125,487,196
/~nmchenry1/index_tree.html,22602.300048828125,487,227
/~nmchenry1/index_tree.html,22619.300048828125,481,273
/~nmchenry1/index_tree.html,22634.300048828125,480,284
/~nmchenry1/index_tree.html,22651.300048828125,476,312
/~nmchenry1/index_tree.html,22667.300048828125,474,327
/~nmchenry1/index_tree.html,22684.300048828125,473,346
/~nmchenry1/index_tree.html,22700.300048828125,470,368
/~nmchenry1/index_tree.html,22717.300048828125,468,383
/~nmchenry1/index_tree.html,22736.300048828125,468,398
/~nmchenry1/index_tree.html,22751.300048828125,468,412
/~nmchenry1/index_tree.html,22768.300048828125,469,430
/~nmchenry1/index_tree.html,22784.300048828125,472,446
/~nmchenry1/index_tree.html,22801.300048828125,476,458
/~nmchenry1/index_tree.html,22819.300048828125,478,471
/~nmchenry1/index_tree.html,22834.300048828125,479,475
/~nmchenry1/index_tree.html,22850.300048828125,481,484
/~nmchenry1/index_tree.html,22867.300048828125,481,489
/~nmchenry1/index_tree.html,22885.300048828125,481,493
/~nmchenry1/index_tree.html,22902.300048828125,481,496
/~nmchenry1/index_tree.html,23001.300048828125,482,496
/~nmchenry1/index_tree.html,23018.300048828125,482,497
/~nmchenry1/index_tree.html,23034.300048828125,484,503
/~nmchenry1/index_tree.html,23051.300048828125,491,517
/~nmchenry1/index_tree.html,23068.300048828125,497,528
/~nmchenry1/index_tree.html,23084.300048828125,498,536
/~nmchenry1/index_tree.html,23102.300048828125,501,542
/~nmchenry1/index_tree.html,23118.300048828125,501,545
/~nmchenry1/index_tree.html,23134.300048828125,501,548
/~nmchenry1/index_tree.html,23153.300048828125,501,550
/~nmchenry1/index_tree.html,23186.300048828125,500,550
/~nmchenry1/index_tree.html,23201.300048828125,499,551
/~nmchenry1/index_tree.html,23318.300048828125,499,549
/~nmchenry1/index_tree.html,23336.300048828125,500,548
/~nmchenry1/index_tree.html,23451.300048828125,499,547
/~nmchenry1/index_tree.html,23469.300048828125,493,540
/~nmchenry1/index_tree.html,23485.300048828125,479,525
/~nmchenry1/index_tree.html,23501.300048828125,464,509
/~nmchenry1/index_tree.html,23518.300048828125,453,494
/~nmchenry1/index_tree.html,23535.300048828125,444,483
/~nmchenry1/index_tree.html,23553.300048828125,439,472
/~nmchenry1/index_tree.html,23568.300048828125,433,461
/~nmchenry1/index_tree.html,23585.300048828125,429,448
/~nmchenry1/index_tree.html,23600.300048828125,424,439
/~nmchenry1/index_tree.html,23618.300048828125,423,432
/~nmchenry1/index_tree.html,23634.300048828125,421,428
/~nmchenry1/index_tree.html,23651.300048828125,420,423
/~nmchenry1/index_tree.html,23668.300048828125,420,421
/~nmchenry1/index_tree.html,23685.300048828125,419,419
/~nmchenry1/index_tree.html,23701.300048828125,419,418
/~nmchenry1/index_tree.html,23985.300048828125,418,417
/~nmchenry1/index_tree.html,24000.300048828125,417,415
/~nmchenry1/index_tree.html,24017.300048828125,416,415
/~nmchenry1/index_tree.html,24034.300048828125,415,411
/~nmchenry1/index_tree.html,24051.300048828125,414,406
/~nmchenry1/index_tree.html,24068.300048828125,413,403
/~nmchenry1/index_tree.html,24084.300048828125,412,399
/~nmchenry1/index_tree.html,24102.300048828125,412,398
/~nmchenry1/index_tree.html,24118.300048828125,412,397
/~nmchenry1/index_tree.html,24284.300048828125,412,396
/~nmchenry1/index_tree.html,24301.300048828125,412,395
/~nmchenry1/index_tree.html,24317.300048828125,411,392
/~nmchenry1/index_tree.html,24334.300048828125,410,392
"/~nmchenry1/index_PCP.html,47927.10009765625,49.20000000000043,1525109076262.9,---Note: Column1. HTML NAME 2.Elapsed Time, 3.Tick Count 4.Global start Time Stamp in ms/Xpos 5.Description/Ypos---"
/~nmchenry1/index_PCP.html,312.10009765625,347,255
/~nmchenry1/index_PCP.html,358.10009765625,345,261
/~nmchenry1/index_PCP.html,366.10009765625,345,262
/~nmchenry1/index_PCP.html,379.10009765625,344,263
/~nmchenry1/index_PCP.html,395.10009765625,344,264
/~nmchenry1/index_PCP.html,445.10009765625,344,265
/~nmchenry1/index_PCP.html,479.10009765625,344,266
/~nmchenry1/index_PCP.html,1097.10009765625,344,268
/~nmchenry1/index_PCP.html,1111.10009765625,343,274
/~nmchenry1/index_PCP.html,1128.10009765625,343,276
/~nmchenry1/index_PCP.html,1146.10009765625,343,278
/~nmchenry1/index_PCP.html,1161.10009765625,343,281
/~nmchenry1/index_PCP.html,1178.10009765625,343,283
/~nmchenry1/index_PCP.html,1195.10009765625,343,284
/~nmchenry1/index_PCP.html,1228.10009765625,343,286
/~nmchenry1/index_PCP.html,1246.10009765625,344,289
/~nmchenry1/index_PCP.html,1262.10009765625,346,290
/~nmchenry1/index_PCP.html,1278.10009765625,348,293
/~nmchenry1/index_PCP.html,1296.10009765625,349,295
/~nmchenry1/index_PCP.html,1312.10009765625,349,298
/~nmchenry1/index_PCP.html,1329.10009765625,351,298
/~nmchenry1/index_PCP.html,1345.10009765625,351,301
/~nmchenry1/index_PCP.html,1362.10009765625,352,302
/~nmchenry1/index_PCP.html,1378.10009765625,352,304
/~nmchenry1/index_PCP.html,1395.10009765625,352,305
/~nmchenry1/index_PCP.html,1412.10009765625,353,305
/~nmchenry1/index_PCP.html,1445.10009765625,353,306
/~nmchenry1/index_PCP.html,3195.10009765625,353,305
/~nmchenry1/index_PCP.html,3212.10009765625,345,297
/~nmchenry1/index_PCP.html,3229.10009765625,336,290
/~nmchenry1/index_PCP.html,3246.10009765625,334,288
/~nmchenry1/index_PCP.html,3262.10009765625,332,286
/~nmchenry1/index_PCP.html,3295.10009765625,330,285
/~nmchenry1/index_PCP.html,3313.10009765625,327,284
/~nmchenry1/index_PCP.html,3328.10009765625,325,284
/~nmchenry1/index_PCP.html,3345.10009765625,321,284
/~nmchenry1/index_PCP.html,3362.10009765625,319,284
/~nmchenry1/index_PCP.html,3378.10009765625,316,283
/~nmchenry1/index_PCP.html,3397.10009765625,312,283
/~nmchenry1/index_PCP.html,3412.10009765625,305,282
/~nmchenry1/index_PCP.html,3429.10009765625,297,279
/~nmchenry1/index_PCP.html,3446.10009765625,290,273
/~nmchenry1/index_PCP.html,3462.10009765625,280,263
/~nmchenry1/index_PCP.html,3479.10009765625,276,259
/~nmchenry1/index_PCP.html,3495.10009765625,274,256
/~nmchenry1/index_PCP.html,3511.10009765625,273,255
/~nmchenry1/index_PCP.html,3528.10009765625,273,254
/~nmchenry1/index_PCP.html,3545.10009765625,273,250
/~nmchenry1/index_PCP.html,3561.10009765625,273,247
/~nmchenry1/index_PCP.html,3579.10009765625,273,243
/~nmchenry1/index_PCP.html,3595.10009765625,274,240
/~nmchenry1/index_PCP.html,3612.10009765625,274,238
/~nmchenry1/index_PCP.html,3629.10009765625,274,236
/~nmchenry1/index_PCP.html,3645.10009765625,274,234
/~nmchenry1/index_PCP.html,3662.10009765625,274,226
/~nmchenry1/index_PCP.html,3678.10009765625,274,225
/~nmchenry1/index_PCP.html,3763.10009765625,274,224
/~nmchenry1/index_PCP.html,3778.10009765625,273,224
/~nmchenry1/index_PCP.html,3796.10009765625,273,222
/~nmchenry1/index_PCP.html,3811.10009765625,273,221
/~nmchenry1/index_PCP.html,3829.10009765625,272,220
/~nmchenry1/index_PCP.html,3846.10009765625,272,218
/~nmchenry1/index_PCP.html,3861.10009765625,271,214
/~nmchenry1/index_PCP.html,3879.10009765625,272,205
/~nmchenry1/index_PCP.html,3897.10009765625,272,202
/~nmchenry1/index_PCP.html,3912.10009765625,272,201
/~nmchenry1/index_PCP.html,3929.10009765625,272,199
/~nmchenry1/index_PCP.html,3945.10009765625,272,198
/~nmchenry1/index_PCP.html,3962.10009765625,272,196
/~nmchenry1/index_PCP.html,3979.10009765625,272,195
/~nmchenry1/index_PCP.html,3995.10009765625,273,193
/~nmchenry1/index_PCP.html,4028.10009765625,273,192
/~nmchenry1/index_PCP.html,4045.10009765625,273,190
/~nmchenry1/index_PCP.html,4062.10009765625,273,189
/~nmchenry1/index_PCP.html,4079.10009765625,273,188
/~nmchenry1/index_PCP.html,4094.10009765625,272,186
/~nmchenry1/index_PCP.html,4113.10009765625,272,184
/~nmchenry1/index_PCP.html,4128.10009765625,272,181
/~nmchenry1/index_PCP.html,4146.10009765625,270,178
/~nmchenry1/index_PCP.html,4162.10009765625,270,177
/~nmchenry1/index_PCP.html,4228.10009765625,270,176
/~nmchenry1/index_PCP.html,4246.10009765625,270,174
/~nmchenry1/index_PCP.html,4261.10009765625,270,173
/~nmchenry1/index_PCP.html,4444.10009765625,269,173
/~nmchenry1/index_PCP.html,4462.10009765625,269,175
/~nmchenry1/index_PCP.html,4478.10009765625,267,177
/~nmchenry1/index_PCP.html,4495.10009765625,266,178
/~nmchenry1/index_PCP.html,4513.10009765625,266,179
/~nmchenry1/index_PCP.html,4663.10009765625,265,179
/~nmchenry1/index_PCP.html,4679.10009765625,264,179
/~nmchenry1/index_PCP.html,4695.10009765625,263,179
/~nmchenry1/index_PCP.html,4746.10009765625,263,180
/~nmchenry1/index_PCP.html,4828.10009765625,262,181
/~nmchenry1/index_PCP.html,7128.10009765625,262,180
/~nmchenry1/index_PCP.html,7145.10009765625,261,179
/~nmchenry1/index_PCP.html,7162.10009765625,261,178
/~nmchenry1/index_PCP.html,7179.10009765625,261,177
/~nmchenry1/index_PCP.html,7811.10009765625,261,178
/~nmchenry1/index_PCP.html,7829.10009765625,262,180
/~nmchenry1/index_PCP.html,7846.10009765625,263,182
/~nmchenry1/index_PCP.html,7862.10009765625,264,183
/~nmchenry1/index_PCP.html,7878.10009765625,265,185
/~nmchenry1/index_PCP.html,7897.10009765625,266,185
/~nmchenry1/index_PCP.html,7911.10009765625,266,186
/~nmchenry1/index_PCP.html,7962.10009765625,268,188
/~nmchenry1/index_PCP.html,7978.10009765625,268,192
/~nmchenry1/index_PCP.html,7995.10009765625,268,196
/~nmchenry1/index_PCP.html,8012.10009765625,269,203
/~nmchenry1/index_PCP.html,8030.10009765625,269,215
/~nmchenry1/index_PCP.html,8046.10009765625,276,235
/~nmchenry1/index_PCP.html,8062.10009765625,282,248
/~nmchenry1/index_PCP.html,8080.10009765625,286,257
/~nmchenry1/index_PCP.html,8096.10009765625,289,264
/~nmchenry1/index_PCP.html,8111.10009765625,293,275
/~nmchenry1/index_PCP.html,8130.10009765625,296,281
/~nmchenry1/index_PCP.html,8146.10009765625,298,285
/~nmchenry1/index_PCP.html,8162.10009765625,299,288
/~nmchenry1/index_PCP.html,8180.10009765625,299,289
/~nmchenry1/index_PCP.html,8228.10009765625,300,289
/~nmchenry1/index_PCP.html,8246.10009765625,302,289
/~nmchenry1/index_PCP.html,8359.10009765625,298,283
/~nmchenry1/index_PCP.html,8378.10009765625,297,281
/~nmchenry1/index_PCP.html,8395.10009765625,295,280
/~nmchenry1/index_PCP.html,8528.10009765625,294,280
/~nmchenry1/index_PCP.html,8695.10009765625,294,281
/~nmchenry1/index_PCP.html,8712.10009765625,295,281
/~nmchenry1/index_PCP.html,8729.10009765625,296,281
/~nmchenry1/index_PCP.html,8744.10009765625,297,282
/~nmchenry1/index_PCP.html,8761.10009765625,299,284
/~nmchenry1/index_PCP.html,8779.10009765625,300,284
/~nmchenry1/index_PCP.html,9263.10009765625,299,284
/~nmchenry1/index_PCP.html,9496.10009765625,298,284
/~nmchenry1/index_PCP.html,9528.10009765625,297,283
/~nmchenry1/index_PCP.html,9545.10009765625,295,281
/~nmchenry1/index_PCP.html,9561.10009765625,291,276
/~nmchenry1/index_PCP.html,9579.10009765625,288,271
/~nmchenry1/index_PCP.html,9595.10009765625,285,266
/~nmchenry1/index_PCP.html,9612.10009765625,283,259
/~nmchenry1/index_PCP.html,9629.10009765625,278,246
/~nmchenry1/index_PCP.html,9646.10009765625,272,220
/~nmchenry1/index_PCP.html,9661.10009765625,268,209
/~nmchenry1/index_PCP.html,9677.10009765625,267,205
/~nmchenry1/index_PCP.html,9695.10009765625,267,203
/~nmchenry1/index_PCP.html,9712.10009765625,267,201
/~nmchenry1/index_PCP.html,9746.10009765625,266,200
/~nmchenry1/index_PCP.html,9863.10009765625,266,199
/~nmchenry1/index_PCP.html,9879.10009765625,265,198
/~nmchenry1/index_PCP.html,9894.10009765625,265,196
/~nmchenry1/index_PCP.html,9911.10009765625,265,195
/~nmchenry1/index_PCP.html,9928.10009765625,264,195
/~nmchenry1/index_PCP.html,9944.10009765625,264,194
/~nmchenry1/index_PCP.html,9962.10009765625,264,193
/~nmchenry1/index_PCP.html,9979.10009765625,263,192
/~nmchenry1/index_PCP.html,9995.10009765625,263,191
/~nmchenry1/index_PCP.html,10012.10009765625,262,189
/~nmchenry1/index_PCP.html,10028.10009765625,261,187
/~nmchenry1/index_PCP.html,10046.10009765625,259,182
/~nmchenry1/index_PCP.html,10062.10009765625,258,180
/~nmchenry1/index_PCP.html,10078.10009765625,258,178
/~nmchenry1/index_PCP.html,10095.10009765625,257,177
/~nmchenry1/index_PCP.html,10111.10009765625,257,174
/~nmchenry1/index_PCP.html,10128.10009765625,257,173
/~nmchenry1/index_PCP.html,10145.10009765625,257,172
/~nmchenry1/index_PCP.html,10412.10009765625,257,171
/~nmchenry1/index_PCP.html,10478.10009765625,257,173
/~nmchenry1/index_PCP.html,10495.10009765625,257,175
/~nmchenry1/index_PCP.html,10511.10009765625,258,179
/~nmchenry1/index_PCP.html,10530.10009765625,258,181
/~nmchenry1/index_PCP.html,10545.10009765625,258,184
/~nmchenry1/index_PCP.html,10661.10009765625,258,185
/~nmchenry1/index_PCP.html,10678.10009765625,258,186
/~nmchenry1/index_PCP.html,12129.10009765625,259,186
/~nmchenry1/index_PCP.html,12146.10009765625,260,186
/~nmchenry1/index_PCP.html,12178.10009765625,261,186
/~nmchenry1/index_PCP.html,12229.10009765625,262,186
/~nmchenry1/index_PCP.html,12278.10009765625,268,189
/~nmchenry1/index_PCP.html,12295.10009765625,271,190
/~nmchenry1/index_PCP.html,12311.10009765625,273,190
/~nmchenry1/index_PCP.html,12328.10009765625,274,191
/~nmchenry1/index_PCP.html,12361.10009765625,276,192
/~nmchenry1/index_PCP.html,12379.10009765625,280,193
/~nmchenry1/index_PCP.html,12396.10009765625,284,194
/~nmchenry1/index_PCP.html,12412.10009765625,285,194
/~nmchenry1/index_PCP.html,12562.10009765625,286,194
/~nmchenry1/index_PCP.html,12578.10009765625,290,194
/~nmchenry1/index_PCP.html,12595.10009765625,295,196
/~nmchenry1/index_PCP.html,12612.10009765625,299,196
/~nmchenry1/index_PCP.html,12628.10009765625,301,194
/~nmchenry1/index_PCP.html,12646.10009765625,277,186
/~nmchenry1/index_PCP.html,12662.10009765625,271,183
/~nmchenry1/index_PCP.html,13213.10009765625,271,182
/~nmchenry1/index_PCP.html,13246.10009765625,272,182
/~nmchenry1/index_PCP.html,13262.10009765625,274,183
/~nmchenry1/index_PCP.html,13279.10009765625,274,184
/~nmchenry1/index_PCP.html,13295.10009765625,274,185
/~nmchenry1/index_PCP.html,13312.10009765625,274,186
/~nmchenry1/index_PCP.html,13329.10009765625,275,186
/~nmchenry1/index_PCP.html,13345.10009765625,276,188
/~nmchenry1/index_PCP.html,13361.10009765625,277,189
/~nmchenry1/index_PCP.html,13378.10009765625,280,191
/~nmchenry1/index_PCP.html,13395.10009765625,283,194
/~nmchenry1/index_PCP.html,13411.10009765625,287,196
/~nmchenry1/index_PCP.html,13428.10009765625,290,198
/~nmchenry1/index_PCP.html,13445.10009765625,293,199
/~nmchenry1/index_PCP.html,13462.10009765625,297,201
/~nmchenry1/index_PCP.html,13479.10009765625,304,204
/~nmchenry1/index_PCP.html,13495.10009765625,311,208
/~nmchenry1/index_PCP.html,13513.10009765625,328,216
/~nmchenry1/index_PCP.html,13528.10009765625,350,225
/~nmchenry1/index_PCP.html,13545.10009765625,376,236
/~nmchenry1/index_PCP.html,13561.10009765625,395,246
/~nmchenry1/index_PCP.html,13578.10009765625,409,252
/~nmchenry1/index_PCP.html,13594.10009765625,423,259
/~nmchenry1/index_PCP.html,13611.10009765625,434,264
/~nmchenry1/index_PCP.html,13628.10009765625,451,270
/~nmchenry1/index_PCP.html,13646.10009765625,474,278
/~nmchenry1/index_PCP.html,13662.10009765625,481,280
/~nmchenry1/index_PCP.html,13678.10009765625,502,292
/~nmchenry1/index_PCP.html,13695.10009765625,513,296
/~nmchenry1/index_PCP.html,13712.10009765625,522,301
/~nmchenry1/index_PCP.html,13729.10009765625,531,306
/~nmchenry1/index_PCP.html,13745.10009765625,542,310
/~nmchenry1/index_PCP.html,13762.10009765625,551,316
/~nmchenry1/index_PCP.html,13778.10009765625,563,322
/~nmchenry1/index_PCP.html,13795.10009765625,578,328
/~nmchenry1/index_PCP.html,13811.10009765625,585,331
/~nmchenry1/index_PCP.html,13828.10009765625,587,332
/~nmchenry1/index_PCP.html,13844.10009765625,589,333
/~nmchenry1/index_PCP.html,13861.10009765625,591,335
/~nmchenry1/index_PCP.html,13877.10009765625,595,337
/~nmchenry1/index_PCP.html,13895.10009765625,596,337
/~nmchenry1/index_PCP.html,13927.10009765625,596,338
/~nmchenry1/index_PCP.html,13946.10009765625,597,340
/~nmchenry1/index_PCP.html,13961.10009765625,598,342
/~nmchenry1/index_PCP.html,13978.10009765625,601,345
/~nmchenry1/index_PCP.html,13995.10009765625,604,349
/~nmchenry1/index_PCP.html,14012.10009765625,606,352
/~nmchenry1/index_PCP.html,14029.10009765625,607,355
/~nmchenry1/index_PCP.html,14044.10009765625,607,359
/~nmchenry1/index_PCP.html,14062.10009765625,609,369
/~nmchenry1/index_PCP.html,14079.10009765625,611,376
/~nmchenry1/index_PCP.html,14096.10009765625,612,383
/~nmchenry1/index_PCP.html,14112.10009765625,613,387
/~nmchenry1/index_PCP.html,14129.10009765625,613,396
/~nmchenry1/index_PCP.html,14146.10009765625,616,408
/~nmchenry1/index_PCP.html,14161.10009765625,618,419
/~nmchenry1/index_PCP.html,14179.10009765625,619,427
/~nmchenry1/index_PCP.html,14196.10009765625,619,434
/~nmchenry1/index_PCP.html,14212.10009765625,619,438
/~nmchenry1/index_PCP.html,14228.10009765625,619,443
/~nmchenry1/index_PCP.html,14244.10009765625,620,446
/~nmchenry1/index_PCP.html,14262.10009765625,621,452
/~nmchenry1/index_PCP.html,14280.10009765625,622,454
/~nmchenry1/index_PCP.html,14296.10009765625,622,455
/~nmchenry1/index_PCP.html,14313.10009765625,624,456
/~nmchenry1/index_PCP.html,14329.10009765625,624,457
/~nmchenry1/index_PCP.html,14462.10009765625,622,453
/~nmchenry1/index_PCP.html,14477.10009765625,621,451
/~nmchenry1/index_PCP.html,14495.10009765625,620,450
/~nmchenry1/index_PCP.html,14512.10009765625,619,448
/~nmchenry1/index_PCP.html,14545.10009765625,619,447
/~nmchenry1/index_PCP.html,14679.10009765625,620,447
/~nmchenry1/index_PCP.html,14761.10009765625,620,448
/~nmchenry1/index_PCP.html,14778.10009765625,620,449
/~nmchenry1/index_PCP.html,16595.10009765625,620,450
/~nmchenry1/index_PCP.html,16611.10009765625,620,452
/~nmchenry1/index_PCP.html,16630.10009765625,620,455
/~nmchenry1/index_PCP.html,16646.10009765625,620,456
/~nmchenry1/index_PCP.html,16678.10009765625,620,457
/~nmchenry1/index_PCP.html,17112.10009765625,619,456
/~nmchenry1/index_PCP.html,17130.10009765625,619,455
/~nmchenry1/index_PCP.html,17929.10009765625,618,455
/~nmchenry1/index_PCP.html,17962.10009765625,616,455
/~nmchenry1/index_PCP.html,17979.10009765625,616,454
/~nmchenry1/index_PCP.html,18011.10009765625,616,453
/~nmchenry1/index_PCP.html,18028.10009765625,615,453
/~nmchenry1/index_PCP.html,18745.10009765625,615,452
/~nmchenry1/index_PCP.html,18761.10009765625,615,451
/~nmchenry1/index_PCP.html,18778.10009765625,615,450
/~nmchenry1/index_PCP.html,18795.10009765625,615,449
/~nmchenry1/index_PCP.html,18912.10009765625,615,448
/~nmchenry1/index_PCP.html,18946.10009765625,615,447
/~nmchenry1/index_PCP.html,21912.10009765625,606,440
/~nmchenry1/index_PCP.html,21928.10009765625,591,428
/~nmchenry1/index_PCP.html,21946.10009765625,574,414
/~nmchenry1/index_PCP.html,21961.10009765625,557,396
/~nmchenry1/index_PCP.html,21979.10009765625,548,384
/~nmchenry1/index_PCP.html,21995.10009765625,544,377
/~nmchenry1/index_PCP.html,22013.10009765625,539,370
/~nmchenry1/index_PCP.html,22030.10009765625,533,362
/~nmchenry1/index_PCP.html,22044.10009765625,521,350
/~nmchenry1/index_PCP.html,22062.10009765625,499,331
/~nmchenry1/index_PCP.html,22078.10009765625,485,317
/~nmchenry1/index_PCP.html,22097.10009765625,475,306
/~nmchenry1/index_PCP.html,22111.10009765625,467,295
/~nmchenry1/index_PCP.html,22129.10009765625,457,282
/~nmchenry1/index_PCP.html,22146.10009765625,448,273
/~nmchenry1/index_PCP.html,22162.10009765625,439,263
/~nmchenry1/index_PCP.html,22178.10009765625,434,256
/~nmchenry1/index_PCP.html,22196.10009765625,431,250
/~nmchenry1/index_PCP.html,22212.10009765625,428,243
/~nmchenry1/index_PCP.html,22230.10009765625,423,232
/~nmchenry1/index_PCP.html,22244.10009765625,422,229
/~nmchenry1/index_PCP.html,22261.10009765625,418,219
/~nmchenry1/index_PCP.html,22277.10009765625,418,214
/~nmchenry1/index_PCP.html,22296.10009765625,417,203
/~nmchenry1/index_PCP.html,22313.10009765625,416,193
/~nmchenry1/index_PCP.html,22329.10009765625,416,189
/~nmchenry1/index_PCP.html,22345.10009765625,416,184
/~nmchenry1/index_PCP.html,22361.10009765625,416,181
/~nmchenry1/index_PCP.html,22378.10009765625,416,176
/~nmchenry1/index_PCP.html,22396.10009765625,417,171
/~nmchenry1/index_PCP.html,22412.10009765625,418,164
/~nmchenry1/index_PCP.html,22428.10009765625,418,157
/~nmchenry1/index_PCP.html,22446.10009765625,417,146
/~nmchenry1/index_PCP.html,22462.10009765625,417,142
/~nmchenry1/index_PCP.html,22477.10009765625,414,139
/~nmchenry1/index_PCP.html,22495.10009765625,413,137
/~nmchenry1/index_PCP.html,22511.10009765625,413,136
/~nmchenry1/index_PCP.html,22528.10009765625,411,135
/~nmchenry1/index_PCP.html,22545.10009765625,411,134
/~nmchenry1/index_PCP.html,22561.10009765625,410,133
/~nmchenry1/index_PCP.html,22579.10009765625,408,132
/~nmchenry1/index_PCP.html,22595.10009765625,407,130
/~nmchenry1/index_PCP.html,22612.10009765625,405,130
/~nmchenry1/index_PCP.html,22627.10009765625,402,128
/~nmchenry1/index_PCP.html,22645.10009765625,399,126
/~nmchenry1/index_PCP.html,22661.10009765625,398,124
/~nmchenry1/index_PCP.html,22678.10009765625,396,122
/~nmchenry1/index_PCP.html,22695.10009765625,395,121
/~nmchenry1/index_PCP.html,22711.10009765625,394,121
/~nmchenry1/index_PCP.html,22727.10009765625,394,120
/~nmchenry1/index_PCP.html,22777.10009765625,393,120
/~nmchenry1/index_PCP.html,22878.10009765625,392,119
/~nmchenry1/index_PCP.html,22945.10009765625,391,119
/~nmchenry1/index_PCP.html,22977.10009765625,390,119
/~nmchenry1/index_PCP.html,22994.10009765625,388,119
/~nmchenry1/index_PCP.html,23012.10009765625,387,119
/~nmchenry1/index_PCP.html,23028.10009765625,387,120
/~nmchenry1/index_PCP.html,23079.10009765625,387,121
/~nmchenry1/index_PCP.html,23361.10009765625,386,121
/~nmchenry1/index_PCP.html,23378.10009765625,386,122
/~nmchenry1/index_PCP.html,23628.10009765625,386,123
/~nmchenry1/index_PCP.html,23661.10009765625,386,124
/~nmchenry1/index_PCP.html,23878.10009765625,386,125
/~nmchenry1/index_PCP.html,23895.10009765625,386,126
/~nmchenry1/index_PCP.html,23912.10009765625,386,128
/~nmchenry1/index_PCP.html,23928.10009765625,386,129
/~nmchenry1/index_PCP.html,23944.10009765625,387,131
/~nmchenry1/index_PCP.html,23961.10009765625,388,136
/~nmchenry1/index_PCP.html,23979.10009765625,389,141
/~nmchenry1/index_PCP.html,23995.10009765625,390,148
/~nmchenry1/index_PCP.html,24012.10009765625,392,156
/~nmchenry1/index_PCP.html,24029.10009765625,396,163
/~nmchenry1/index_PCP.html,24045.10009765625,397,171
/~nmchenry1/index_PCP.html,24062.10009765625,398,177
/~nmchenry1/index_PCP.html,24077.10009765625,398,181
/~nmchenry1/index_PCP.html,24095.10009765625,398,184
/~nmchenry1/index_PCP.html,24111.10009765625,399,189
/~nmchenry1/index_PCP.html,24128.10009765625,399,193
/~nmchenry1/index_PCP.html,24145.10009765625,400,198
/~nmchenry1/index_PCP.html,24162.10009765625,401,203
/~nmchenry1/index_PCP.html,24179.10009765625,401,208
/~nmchenry1/index_PCP.html,24195.10009765625,401,213
/~nmchenry1/index_PCP.html,24212.10009765625,401,215
/~nmchenry1/index_PCP.html,24228.10009765625,401,219
/~nmchenry1/index_PCP.html,24245.10009765625,400,228
/~nmchenry1/index_PCP.html,24261.10009765625,400,233
/~nmchenry1/index_PCP.html,24277.10009765625,401,242
/~nmchenry1/index_PCP.html,24295.10009765625,401,245
/~nmchenry1/index_PCP.html,24312.10009765625,401,248
/~nmchenry1/index_PCP.html,24328.10009765625,401,249
/~nmchenry1/index_PCP.html,24361.10009765625,401,250
/~nmchenry1/index_PCP.html,24379.10009765625,401,252
/~nmchenry1/index_PCP.html,24479.10009765625,401,253
/~nmchenry1/index_PCP.html,24612.10009765625,401,254
/~nmchenry1/index_PCP.html,24644.10009765625,401,256
/~nmchenry1/index_PCP.html,24662.10009765625,401,258
/~nmchenry1/index_PCP.html,24678.10009765625,402,262
/~nmchenry1/index_PCP.html,24696.10009765625,403,278
/~nmchenry1/index_PCP.html,24712.10009765625,403,298
/~nmchenry1/index_PCP.html,24729.10009765625,404,326
/~nmchenry1/index_PCP.html,24745.10009765625,405,359
/~nmchenry1/index_PCP.html,24762.10009765625,405,392
/~nmchenry1/index_PCP.html,24778.10009765625,403,422
/~nmchenry1/index_PCP.html,24795.10009765625,403,448
/~nmchenry1/index_PCP.html,24812.10009765625,401,468
/~nmchenry1/index_PCP.html,24830.10009765625,401,484
/~nmchenry1/index_PCP.html,24845.10009765625,403,492
/~nmchenry1/index_PCP.html,24862.10009765625,403,499
/~nmchenry1/index_PCP.html,24878.10009765625,403,501
/~nmchenry1/index_PCP.html,24895.10009765625,403,502
/~nmchenry1/index_PCP.html,24960.10009765625,402,502
/~nmchenry1/index_PCP.html,24995.10009765625,401,502
/~nmchenry1/index_PCP.html,25011.10009765625,400,501
/~nmchenry1/index_PCP.html,25029.10009765625,400,500
/~nmchenry1/index_PCP.html,25046.10009765625,399,498
/~nmchenry1/index_PCP.html,25062.10009765625,398,496
/~nmchenry1/index_PCP.html,25078.10009765625,398,493
/~nmchenry1/index_PCP.html,25095.10009765625,398,492
/~nmchenry1/index_PCP.html,25111.10009765625,398,491
/~nmchenry1/index_PCP.html,25128.10009765625,398,490
/~nmchenry1/index_PCP.html,25162.10009765625,398,489
/~nmchenry1/index_PCP.html,25512.10009765625,398,488
/~nmchenry1/index_PCP.html,25528.10009765625,398,486
/~nmchenry1/index_PCP.html,25545.10009765625,398,485
/~nmchenry1/index_PCP.html,25561.10009765625,398,484
/~nmchenry1/index_PCP.html,26145.10009765625,398,483
/~nmchenry1/index_PCP.html,26161.10009765625,398,482
/~nmchenry1/index_PCP.html,26178.10009765625,398,481
/~nmchenry1/index_PCP.html,26194.10009765625,398,480
/~nmchenry1/index_PCP.html,26211.10009765625,399,480
/~nmchenry1/index_PCP.html,26228.10009765625,399,479
/~nmchenry1/index_PCP.html,26262.10009765625,399,477
/~nmchenry1/index_PCP.html,26278.10009765625,400,477
/~nmchenry1/index_PCP.html,26444.10009765625,400,476
/~nmchenry1/index_PCP.html,26527.10009765625,400,475
/~nmchenry1/index_PCP.html,26544.10009765625,401,475
/~nmchenry1/index_PCP.html,26561.10009765625,401,474
/~nmchenry1/index_PCP.html,26595.10009765625,401,473
/~nmchenry1/index_PCP.html,27394.10009765625,401,472
/~nmchenry1/index_PCP.html,27412.10009765625,401,471
/~nmchenry1/index_PCP.html,27528.10009765625,401,470
/~nmchenry1/index_PCP.html,27545.10009765625,401,469
/~nmchenry1/index_PCP.html,27645.10009765625,401,468
/~nmchenry1/index_PCP.html,27662.10009765625,402,468
/~nmchenry1/index_PCP.html,27694.10009765625,402,467
/~nmchenry1/index_PCP.html,27712.10009765625,402,465
/~nmchenry1/index_PCP.html,27729.10009765625,404,465
/~nmchenry1/index_PCP.html,27762.10009765625,404,464
/~nmchenry1/index_PCP.html,27778.10009765625,405,464
/~nmchenry1/index_PCP.html,28228.10009765625,405,463
/~nmchenry1/index_PCP.html,28246.10009765625,405,459
/~nmchenry1/index_PCP.html,28262.10009765625,406,456
/~nmchenry1/index_PCP.html,28278.10009765625,407,451
/~nmchenry1/index_PCP.html,28295.10009765625,408,445
/~nmchenry1/index_PCP.html,28311.10009765625,409,431
/~nmchenry1/index_PCP.html,28328.10009765625,411,412
/~nmchenry1/index_PCP.html,28346.10009765625,412,396
/~nmchenry1/index_PCP.html,28361.10009765625,413,386
/~nmchenry1/index_PCP.html,28378.10009765625,413,378
/~nmchenry1/index_PCP.html,28395.10009765625,413,368
/~nmchenry1/index_PCP.html,28412.10009765625,413,362
/~nmchenry1/index_PCP.html,28428.10009765625,412,359
/~nmchenry1/index_PCP.html,28445.10009765625,412,357
/~nmchenry1/index_PCP.html,28461.10009765625,411,353
/~nmchenry1/index_PCP.html,28478.10009765625,409,348
/~nmchenry1/index_PCP.html,28496.10009765625,409,346
/~nmchenry1/index_PCP.html,28511.10009765625,408,344
/~nmchenry1/index_PCP.html,28529.10009765625,406,341
/~nmchenry1/index_PCP.html,28544.10009765625,405,339
/~nmchenry1/index_PCP.html,28561.10009765625,405,337
/~nmchenry1/index_PCP.html,28579.10009765625,404,335
/~nmchenry1/index_PCP.html,28595.10009765625,403,331
/~nmchenry1/index_PCP.html,28611.10009765625,402,328
/~nmchenry1/index_PCP.html,28628.10009765625,401,323
/~nmchenry1/index_PCP.html,28644.10009765625,399,317
/~nmchenry1/index_PCP.html,28661.10009765625,396,309
/~nmchenry1/index_PCP.html,28678.10009765625,395,306
/~nmchenry1/index_PCP.html,28695.10009765625,393,301
/~nmchenry1/index_PCP.html,28710.10009765625,390,293
/~nmchenry1/index_PCP.html,28728.10009765625,388,282
/~nmchenry1/index_PCP.html,28745.10009765625,386,272
/~nmchenry1/index_PCP.html,28762.10009765625,384,263
/~nmchenry1/index_PCP.html,28779.10009765625,383,257
/~nmchenry1/index_PCP.html,28795.10009765625,383,252
/~nmchenry1/index_PCP.html,28812.10009765625,383,247
/~nmchenry1/index_PCP.html,28828.10009765625,384,241
/~nmchenry1/index_PCP.html,28844.10009765625,385,232
/~nmchenry1/index_PCP.html,28862.10009765625,392,219
/~nmchenry1/index_PCP.html,28877.10009765625,398,213
/~nmchenry1/index_PCP.html,28895.10009765625,403,207
/~nmchenry1/index_PCP.html,28911.10009765625,406,204
/~nmchenry1/index_PCP.html,28928.10009765625,407,199
/~nmchenry1/index_PCP.html,28945.10009765625,409,195
/~nmchenry1/index_PCP.html,28962.10009765625,410,190
/~nmchenry1/index_PCP.html,28978.10009765625,411,189
/~nmchenry1/index_PCP.html,28995.10009765625,412,187
/~nmchenry1/index_PCP.html,29029.10009765625,412,186
/~nmchenry1/index_PCP.html,29044.10009765625,412,184
/~nmchenry1/index_PCP.html,29061.10009765625,413,183
/~nmchenry1/index_PCP.html,29144.10009765625,412,183
/~nmchenry1/index_PCP.html,29161.10009765625,411,183
/~nmchenry1/index_PCP.html,29179.10009765625,408,184
/~nmchenry1/index_PCP.html,29194.10009765625,406,184
/~nmchenry1/index_PCP.html,29212.10009765625,405,185
/~nmchenry1/index_PCP.html,29230.10009765625,403,186
/~nmchenry1/index_PCP.html,29261.10009765625,401,186
/~nmchenry1/index_PCP.html,29277.10009765625,401,187
/~nmchenry1/index_PCP.html,29745.10009765625,401,188
/~nmchenry1/index_PCP.html,31062.10009765625,405,182
/~nmchenry1/index_PCP.html,31078.10009765625,409,179
/~nmchenry1/index_PCP.html,31095.10009765625,413,176
/~nmchenry1/index_PCP.html,31113.10009765625,416,174
/~nmchenry1/index_PCP.html,31128.10009765625,420,173
/~nmchenry1/index_PCP.html,31145.10009765625,423,171
/~nmchenry1/index_PCP.html,31163.10009765625,426,168
/~nmchenry1/index_PCP.html,31179.10009765625,427,166
/~nmchenry1/index_PCP.html,31194.10009765625,430,163
/~nmchenry1/index_PCP.html,31213.10009765625,432,161
/~nmchenry1/index_PCP.html,31228.10009765625,434,159
/~nmchenry1/index_PCP.html,31245.10009765625,436,158
/~nmchenry1/index_PCP.html,31261.10009765625,437,156
/~nmchenry1/index_PCP.html,31277.10009765625,438,154
/~nmchenry1/index_PCP.html,31295.10009765625,438,153
/~nmchenry1/index_PCP.html,31312.10009765625,439,153
/~nmchenry1/index_PCP.html,34278.10009765625,440,153
/~nmchenry1/index_PCP.html,34296.10009765625,442,151
/~nmchenry1/index_PCP.html,34311.10009765625,445,150
/~nmchenry1/index_PCP.html,34327.10009765625,447,150
/~nmchenry1/index_PCP.html,34344.10009765625,449,148
/~nmchenry1/index_PCP.html,34362.10009765625,452,146
/~nmchenry1/index_PCP.html,34378.10009765625,453,145
/~nmchenry1/index_PCP.html,34394.10009765625,455,143
/~nmchenry1/index_PCP.html,34411.10009765625,457,141
/~nmchenry1/index_PCP.html,34429.10009765625,459,139
/~nmchenry1/index_PCP.html,34445.10009765625,462,135
/~nmchenry1/index_PCP.html,34462.10009765625,468,127
/~nmchenry1/index_PCP.html,34478.10009765625,471,122
/~nmchenry1/index_PCP.html,34494.10009765625,475,114
/~nmchenry1/index_PCP.html,34512.10009765625,479,107
/~nmchenry1/index_PCP.html,34528.10009765625,484,101
/~nmchenry1/index_PCP.html,34545.10009765625,486,96
/~nmchenry1/index_PCP.html,34561.10009765625,488,92
/~nmchenry1/index_PCP.html,34578.10009765625,490,89
/~nmchenry1/index_PCP.html,34595.10009765625,490,88
/~nmchenry1/index_PCP.html,34612.10009765625,491,87
/~nmchenry1/index_PCP.html,34628.10009765625,491,86
/~nmchenry1/index_PCP.html,34745.10009765625,491,87
/~nmchenry1/index_PCP.html,34762.10009765625,491,90
/~nmchenry1/index_PCP.html,34778.10009765625,490,94
/~nmchenry1/index_PCP.html,34794.10009765625,489,97
/~nmchenry1/index_PCP.html,34812.10009765625,489,101
/~nmchenry1/index_PCP.html,34827.10009765625,488,103
/~nmchenry1/index_PCP.html,34845.10009765625,487,105
/~nmchenry1/index_PCP.html,34861.10009765625,486,108
/~nmchenry1/index_PCP.html,34878.10009765625,486,113
/~nmchenry1/index_PCP.html,34895.10009765625,485,116
/~nmchenry1/index_PCP.html,34912.10009765625,484,119
/~nmchenry1/index_PCP.html,34928.10009765625,483,121
/~nmchenry1/index_PCP.html,34945.10009765625,483,122
/~nmchenry1/index_PCP.html,34978.10009765625,482,123
/~nmchenry1/index_PCP.html,34996.10009765625,482,126
/~nmchenry1/index_PCP.html,35011.10009765625,482,128
/~nmchenry1/index_PCP.html,35028.10009765625,482,129
/~nmchenry1/index_PCP.html,35044.10009765625,482,130
/~nmchenry1/index_PCP.html,35063.10009765625,481,130
/~nmchenry1/index_PCP.html,35278.10009765625,481,129
/~nmchenry1/index_PCP.html,35311.10009765625,481,128
/~nmchenry1/index_PCP.html,35345.10009765625,482,128
/~nmchenry1/index_PCP.html,35361.10009765625,482,127
/~nmchenry1/index_PCP.html,37411.10009765625,482,126
/~nmchenry1/index_PCP.html,37444.10009765625,482,125
/~nmchenry1/index_PCP.html,37461.10009765625,482,124
/~nmchenry1/index_PCP.html,37494.10009765625,482,123
/~nmchenry1/index_PCP.html,37529.10009765625,481,122
/~nmchenry1/index_PCP.html,37610.10009765625,480,121
/~nmchenry1/index_PCP.html,37628.10009765625,479,120
/~nmchenry1/index_PCP.html,37645.10009765625,479,118
/~nmchenry1/index_PCP.html,37661.10009765625,479,117
/~nmchenry1/index_PCP.html,37680.10009765625,478,117
/~nmchenry1/index_PCP.html,38395.10009765625,477,117
/~nmchenry1/index_PCP.html,38413.10009765625,476,118
/~nmchenry1/index_PCP.html,38428.10009765625,474,119
/~nmchenry1/index_PCP.html,38444.10009765625,473,119
/~nmchenry1/index_PCP.html,38462.10009765625,470,119
/~nmchenry1/index_PCP.html,38494.10009765625,470,120
/~nmchenry1/index_PCP.html,38528.10009765625,469,120
/~nmchenry1/index_PCP.html,38544.10009765625,468,121
/~nmchenry1/index_PCP.html,38562.10009765625,468,122
/~nmchenry1/index_PCP.html,38577.10009765625,468,123
/~nmchenry1/index_PCP.html,38595.10009765625,468,125
/~nmchenry1/index_PCP.html,38611.10009765625,468,127
/~nmchenry1/index_PCP.html,38628.10009765625,469,139
/~nmchenry1/index_PCP.html,38644.10009765625,469,153
/~nmchenry1/index_PCP.html,38662.10009765625,469,166
/~nmchenry1/index_PCP.html,38678.10009765625,469,186
/~nmchenry1/index_PCP.html,38695.10009765625,469,197
/~nmchenry1/index_PCP.html,38711.10009765625,470,208
/~nmchenry1/index_PCP.html,38728.10009765625,470,213
/~nmchenry1/index_PCP.html,38745.10009765625,470,214
/~nmchenry1/index_PCP.html,38844.10009765625,469,215
/~nmchenry1/index_PCP.html,38878.10009765625,469,216
/~nmchenry1/index_PCP.html,38977.10009765625,468,216
/~nmchenry1/index_PCP.html,39029.10009765625,467,216
/~nmchenry1/index_PCP.html,39045.10009765625,467,217
/~nmchenry1/index_PCP.html,39061.10009765625,464,219
/~nmchenry1/index_PCP.html,39077.10009765625,462,223
/~nmchenry1/index_PCP.html,39096.10009765625,458,230
/~nmchenry1/index_PCP.html,39111.10009765625,454,235
/~nmchenry1/index_PCP.html,39128.10009765625,450,242
/~nmchenry1/index_PCP.html,39146.10009765625,445,249
/~nmchenry1/index_PCP.html,39162.10009765625,439,259
/~nmchenry1/index_PCP.html,39178.10009765625,432,269
/~nmchenry1/index_PCP.html,39194.10009765625,428,274
/~nmchenry1/index_PCP.html,39212.10009765625,425,279
/~nmchenry1/index_PCP.html,39227.10009765625,422,282
/~nmchenry1/index_PCP.html,39245.10009765625,419,284
/~nmchenry1/index_PCP.html,39262.10009765625,418,285
/~nmchenry1/index_PCP.html,39295.10009765625,417,285
/~nmchenry1/index_PCP.html,39312.10009765625,416,286
/~nmchenry1/index_PCP.html,39328.10009765625,416,287
/~nmchenry1/index_PCP.html,39361.10009765625,416,288
/~nmchenry1/index_PCP.html,39394.10009765625,416,289
/~nmchenry1/index_PCP.html,39411.10009765625,417,289
/~nmchenry1/index_PCP.html,39428.10009765625,419,290
/~nmchenry1/index_PCP.html,39445.10009765625,422,290
/~nmchenry1/index_PCP.html,39462.10009765625,426,290
/~nmchenry1/index_PCP.html,39495.10009765625,427,290
/~nmchenry1/index_PCP.html,39513.10009765625,429,290
/~nmchenry1/index_PCP.html,39528.10009765625,432,289
/~nmchenry1/index_PCP.html,39545.10009765625,434,288
/~nmchenry1/index_PCP.html,39561.10009765625,436,287
/~nmchenry1/index_PCP.html,39595.10009765625,437,287
/~nmchenry1/index_PCP.html,39611.10009765625,437,286
/~nmchenry1/index_PCP.html,39728.10009765625,438,286
/~nmchenry1/index_PCP.html,39746.10009765625,439,286
/~nmchenry1/index_PCP.html,39761.10009765625,440,285
/~nmchenry1/index_PCP.html,39778.10009765625,442,285
/~nmchenry1/index_PCP.html,39795.10009765625,446,285
/~nmchenry1/index_PCP.html,39812.10009765625,448,285
/~nmchenry1/index_PCP.html,39828.10009765625,449,285
/~nmchenry1/index_PCP.html,39845.10009765625,450,285
/~nmchenry1/index_PCP.html,40128.10009765625,449,285
/~nmchenry1/index_PCP.html,46212.10009765625,447,285
/~nmchenry1/index_PCP.html,46228.10009765625,397,261
/~nmchenry1/index_PCP.html,46247.10009765625,267,189
/~nmchenry1/index_PCP.html,46261.10009765625,232,171
/~nmchenry1/index_PCP.html,46280.10009765625,141,115
/~nmchenry1/index_PCP.html,46296.10009765625,105,80
/~nmchenry1/index_PCP.html,46312.10009765625,89,56
/~nmchenry1/index_PCP.html,46328.10009765625,86,32
/~nmchenry1/index_PCP.html,46345.10009765625,84,15
/~nmchenry1/index_PCP.html,46362.10009765625,79,4
/~nmchenry1/index_PCP.html,46378.10009765625,74,0
/~nmchenry1/index_PCP.html,46578.10009765625,80,1
/~nmchenry1/index_PCP.html,46595.10009765625,84,4
/~nmchenry1/index_PCP.html,46612.10009765625,86,7
/~nmchenry1/index_PCP.html,46629.10009765625,89,7
/~nmchenry1/index_PCP.html,46645.10009765625,89,8
/~nmchenry1/index_PCP.html,46661.10009765625,90,8
/~nmchenry1/index_PCP.html,46679.10009765625,96,13
/~nmchenry1/index_PCP.html,46696.10009765625,99,17
/~nmchenry1/index_PCP.html,46713.10009765625,102,19
/~nmchenry1/index_PCP.html,46727.10009765625,103,19
/~nmchenry1/index_PCP.html,46778.10009765625,103,20
/~nmchenry1/index_PCP.html,46794.10009765625,103,21
/~nmchenry1/index_PCP.html,46846.10009765625,103,23
/~nmchenry1/index_PCP.html,46862.10009765625,104,28
/~nmchenry1/index_PCP.html,46878.10009765625,107,34
/~nmchenry1/index_PCP.html,46894.10009765625,110,38
/~nmchenry1/index_PCP.html,46911.10009765625,113,46
/~nmchenry1/index_PCP.html,46928.10009765625,115,51
/~nmchenry1/index_PCP.html,46945.10009765625,117,57
/~nmchenry1/index_PCP.html,46962.10009765625,117,61
/~nmchenry1/index_PCP.html,46978.10009765625,123,67
/~nmchenry1/index_PCP.html,46995.10009765625,124,70
/~nmchenry1/index_PCP.html,47012.10009765625,125,71
/~nmchenry1/index_PCP.html,47145.10009765625,126,71
/~nmchenry1/index_PCP.html,47261.10009765625,129,76
/~nmchenry1/index_PCP.html,47279.10009765625,135,82
/~nmchenry1/index_PCP.html,47294.10009765625,137,83
/~nmchenry1/index_PCP.html,47344.10009765625,137,84
/~nmchenry1/index_PCP.html,47362.10009765625,138,87
/~nmchenry1/index_PCP.html,47378.10009765625,142,92
/~nmchenry1/index_PCP.html,47395.10009765625,143,95
/~nmchenry1/index_PCP.html,47411.10009765625,144,97
/~nmchenry1/index_PCP.html,47428.10009765625,144,98
/~nmchenry1/index_PCP.html,47512.10009765625,142,98
/~nmchenry1/index_PCP.html,47528.10009765625,141,97
/~nmchenry1/index_PCP.html,47545.10009765625,136,91
/~nmchenry1/index_PCP.html,47562.10009765625,128,80
/~nmchenry1/index_PCP.html,47578.10009765625,122,70
/~nmchenry1/index_PCP.html,47595.10009765625,120,66
/~nmchenry1/index_PCP.html,47612.10009765625,120,64
/~nmchenry1/index_PCP.html,47627.10009765625,119,62
/~nmchenry1/index_PCP.html,47645.10009765625,119,59
/~nmchenry1/index_PCP.html,47661.10009765625,119,57
/~nmchenry1/index_PCP.html,47678.10009765625,119,56
/~nmchenry1/index_PCP.html,47695.10009765625,119,55
/~nmchenry1/index_PCP.html,47711.10009765625,119,53
/~nmchenry1/index_PCP.html,47728.10009765625,120,49
/~nmchenry1/index_PCP.html,47745.10009765625,120,46
/~nmchenry1/index_PCP.html,47761.10009765625,121,44
/~nmchenry1/index_PCP.html,47778.10009765625,122,42
/~nmchenry1/index_PCP.html,47794.10009765625,122,40
/~nmchenry1/index_PCP.html,47811.10009765625,123,39
/~nmchenry1/index_PCP.html,47828.10009765625,123,38
/~nmchenry1/index_PCP.html,47846.10009765625,124,35
/~nmchenry1/index_PCP.html,47862.10009765625,127,31
/~nmchenry1/index_PCP.html,47878.10009765625,131,25
/~nmchenry1/index_PCP.html,47894.10009765625,134,21
/~nmchenry1/index_PCP.html,47911.10009765625,135,19
/~nmchenry1/index_PCP.html,47927.10009765625,135,18
"/~nmchenry1/index_maps.html,9998.199951171875,13.799999999999969,1525109126525.8,---Note: Column1. HTML NAME 2.Elapsed Time, 3.Tick Count 4.Global start Time Stamp in ms/Xpos 5.Description/Ypos---"
/~nmchenry1/index_maps.html,88.199951171875,343,355
/~nmchenry1/index_maps.html,103.199951171875,352,360
/~nmchenry1/index_maps.html,108.199951171875,358,366
/~nmchenry1/index_maps.html,117.199951171875,367,373
/~nmchenry1/index_maps.html,136.199951171875,386,387
/~nmchenry1/index_maps.html,149.199951171875,391,391
/~nmchenry1/index_maps.html,655.199951171875,510,463
/~nmchenry1/index_maps.html,832.199951171875,510,460
/~nmchenry1/index_maps.html,866.199951171875,493,429
/~nmchenry1/index_maps.html,883.199951171875,483,415
/~nmchenry1/index_maps.html,900.199951171875,474,399
/~nmchenry1/index_maps.html,917.199951171875,460,378
/~nmchenry1/index_maps.html,933.199951171875,424,341
/~nmchenry1/index_maps.html,950.199951171875,378,300
/~nmchenry1/index_maps.html,966.199951171875,338,266
/~nmchenry1/index_maps.html,983.199951171875,295,226
/~nmchenry1/index_maps.html,998.199951171875,278,206
/~nmchenry1/index_maps.html,1015.199951171875,249,179
/~nmchenry1/index_maps.html,1031.199951171875,239,171
/~nmchenry1/index_maps.html,1050.199951171875,234,167
/~nmchenry1/index_maps.html,1065.199951171875,232,165
/~nmchenry1/index_maps.html,1083.199951171875,230,165
/~nmchenry1/index_maps.html,1098.199951171875,229,164
/~nmchenry1/index_maps.html,1115.199951171875,226,162
/~nmchenry1/index_maps.html,1131.199951171875,222,161
/~nmchenry1/index_maps.html,1150.199951171875,214,159
/~nmchenry1/index_maps.html,1165.199951171875,201,154
/~nmchenry1/index_maps.html,1181.199951171875,185,151
/~nmchenry1/index_maps.html,1199.199951171875,169,146
/~nmchenry1/index_maps.html,1215.199951171875,150,140
/~nmchenry1/index_maps.html,1231.199951171875,139,136
/~nmchenry1/index_maps.html,1250.199951171875,129,135
/~nmchenry1/index_maps.html,1265.199951171875,120,133
/~nmchenry1/index_maps.html,1281.199951171875,116,132
/~nmchenry1/index_maps.html,1298.199951171875,111,130
/~nmchenry1/index_maps.html,1315.199951171875,104,128
/~nmchenry1/index_maps.html,1331.199951171875,95,125
/~nmchenry1/index_maps.html,1350.199951171875,86,123
/~nmchenry1/index_maps.html,1365.199951171875,80,121
/~nmchenry1/index_maps.html,1382.199951171875,76,120
/~nmchenry1/index_maps.html,1398.199951171875,74,119
/~nmchenry1/index_maps.html,1415.199951171875,72,118
/~nmchenry1/index_maps.html,1514.199951171875,73,119
/~nmchenry1/index_maps.html,1531.199951171875,85,127
/~nmchenry1/index_maps.html,1549.199951171875,128,153
/~nmchenry1/index_maps.html,1565.199951171875,205,190
/~nmchenry1/index_maps.html,1582.199951171875,293,227
/~nmchenry1/index_maps.html,1599.199951171875,467,282
/~nmchenry1/index_maps.html,1615.199951171875,531,296
/~nmchenry1/index_maps.html,1635.199951171875,739,334
/~nmchenry1/index_maps.html,1650.199951171875,873,361
/~nmchenry1/index_maps.html,1665.199951171875,982,381
/~nmchenry1/index_maps.html,1683.199951171875,1041,394
/~nmchenry1/index_maps.html,1699.199951171875,1056,398
/~nmchenry1/index_maps.html,1716.199951171875,1057,398
/~nmchenry1/index_maps.html,1732.199951171875,1056,398
/~nmchenry1/index_maps.html,1748.199951171875,1055,398
/~nmchenry1/index_maps.html,1767.199951171875,1053,399
/~nmchenry1/index_maps.html,1782.199951171875,1052,400
/~nmchenry1/index_maps.html,1800.199951171875,1047,402
/~nmchenry1/index_maps.html,1815.199951171875,1037,402
/~nmchenry1/index_maps.html,1832.199951171875,1022,402
/~nmchenry1/index_maps.html,1848.199951171875,1003,402
/~nmchenry1/index_maps.html,1866.199951171875,984,400
/~nmchenry1/index_maps.html,1883.199951171875,961,396
/~nmchenry1/index_maps.html,1900.199951171875,938,389
/~nmchenry1/index_maps.html,1916.199951171875,915,384
/~nmchenry1/index_maps.html,1933.199951171875,897,379
/~nmchenry1/index_maps.html,1950.199951171875,887,376
/~nmchenry1/index_maps.html,1965.199951171875,881,374
/~nmchenry1/index_maps.html,1982.199951171875,878,373
/~nmchenry1/index_maps.html,1998.199951171875,878,372
/~nmchenry1/index_maps.html,3133.199951171875,1523,746
/~nmchenry1/index_maps.html,3150.199951171875,1524,746
/~nmchenry1/index_maps.html,3199.199951171875,1518,746
/~nmchenry1/index_maps.html,3216.199951171875,1485,739
/~nmchenry1/index_maps.html,3232.199951171875,1435,722
/~nmchenry1/index_maps.html,3250.199951171875,1364,701
/~nmchenry1/index_maps.html,3266.199951171875,1287,683
/~nmchenry1/index_maps.html,3283.199951171875,1217,665
/~nmchenry1/index_maps.html,3300.199951171875,1161,654
/~nmchenry1/index_maps.html,3315.199951171875,1116,646
/~nmchenry1/index_maps.html,3334.199951171875,1076,637
/~nmchenry1/index_maps.html,3349.199951171875,1036,628
/~nmchenry1/index_maps.html,3365.199951171875,1000,623
/~nmchenry1/index_maps.html,3382.199951171875,949,618
/~nmchenry1/index_maps.html,3401.199951171875,903,617
/~nmchenry1/index_maps.html,3416.199951171875,877,617
/~nmchenry1/index_maps.html,3432.199951171875,855,616
/~nmchenry1/index_maps.html,3449.199951171875,821,612
/~nmchenry1/index_maps.html,3466.199951171875,759,606
/~nmchenry1/index_maps.html,3482.199951171875,712,603
/~nmchenry1/index_maps.html,3498.199951171875,689,601
/~nmchenry1/index_maps.html,3515.199951171875,684,599
/~nmchenry1/index_maps.html,3548.199951171875,685,598
/~nmchenry1/index_maps.html,3552.199951171875,687,597
/~nmchenry1/index_maps.html,8299.199951171875,839,495
/~nmchenry1/index_maps.html,8398.199951171875,838,495
/~nmchenry1/index_maps.html,8416.199951171875,831,496
/~nmchenry1/index_maps.html,8432.199951171875,811,497
/~nmchenry1/index_maps.html,8450.199951171875,763,497
/~nmchenry1/index_maps.html,8466.199951171875,662,495
/~nmchenry1/index_maps.html,8484.199951171875,551,495
/~nmchenry1/index_maps.html,8498.199951171875,425,502
/~nmchenry1/index_maps.html,8516.199951171875,309,504
/~nmchenry1/index_maps.html,8532.199951171875,206,504
/~nmchenry1/index_maps.html,8550.199951171875,118,501
/~nmchenry1/index_maps.html,8566.199951171875,51,507
/~nmchenry1/index_maps.html,8582.199951171875,2,513
/~nmchenry1/index_maps.html,8599.199951171875,0,516
/~nmchenry1/index_maps.html,8616.199951171875,0,518
/~nmchenry1/index_maps.html,8632.199951171875,0,516
/~nmchenry1/index_maps.html,8649.199951171875,0,507
/~nmchenry1/index_maps.html,8666.199951171875,0,495
/~nmchenry1/index_maps.html,8682.199951171875,0,485
/~nmchenry1/index_maps.html,8699.199951171875,0,475
/~nmchenry1/index_maps.html,8716.199951171875,0,461
/~nmchenry1/index_maps.html,8733.199951171875,0,442
/~nmchenry1/index_maps.html,8750.199951171875,0,405
/~nmchenry1/index_maps.html,8765.199951171875,4,335
/~nmchenry1/index_maps.html,8782.199951171875,26,231
/~nmchenry1/index_maps.html,8799.199951171875,81,83
/~nmchenry1/index_maps.html,8815.199951171875,119,24
/~nmchenry1/index_maps.html,8831.199951171875,130,9
/~nmchenry1/index_maps.html,8933.199951171875,202,1
/~nmchenry1/index_maps.html,8949.199951171875,215,13
/~nmchenry1/index_maps.html,8966.199951171875,227,28
/~nmchenry1/index_maps.html,8981.199951171875,239,44
/~nmchenry1/index_maps.html,8999.199951171875,260,78
/~nmchenry1/index_maps.html,9015.199951171875,275,109
/~nmchenry1/index_maps.html,9031.199951171875,293,149
/~nmchenry1/index_maps.html,9049.199951171875,309,184
/~nmchenry1/index_maps.html,9066.199951171875,319,203
/~nmchenry1/index_maps.html,9081.199951171875,323,211
/~nmchenry1/index_maps.html,9098.199951171875,323,213
/~nmchenry1/index_maps.html,9149.199951171875,322,213
/~nmchenry1/index_maps.html,9166.199951171875,320,213
/~nmchenry1/index_maps.html,9182.199951171875,313,212
/~nmchenry1/index_maps.html,9199.199951171875,299,212
/~nmchenry1/index_maps.html,9216.199951171875,287,210
/~nmchenry1/index_maps.html,9232.199951171875,279,208
/~nmchenry1/index_maps.html,9248.199951171875,273,205
/~nmchenry1/index_maps.html,9265.199951171875,267,202
/~nmchenry1/index_maps.html,9281.199951171875,262,201
/~nmchenry1/index_maps.html,9298.199951171875,256,198
/~nmchenry1/index_maps.html,9315.199951171875,251,196
/~nmchenry1/index_maps.html,9331.199951171875,247,194
/~nmchenry1/index_maps.html,9349.199951171875,245,193
/~nmchenry1/index_maps.html,9365.199951171875,243,191
/~nmchenry1/index_maps.html,9381.199951171875,241,190
/~nmchenry1/index_maps.html,9398.199951171875,238,190
/~nmchenry1/index_maps.html,9415.199951171875,235,189
/~nmchenry1/index_maps.html,9431.199951171875,232,189
/~nmchenry1/index_maps.html,9447.199951171875,229,187
/~nmchenry1/index_maps.html,9464.199951171875,225,185
/~nmchenry1/index_maps.html,9482.199951171875,219,182
/~nmchenry1/index_maps.html,9498.199951171875,211,180
/~nmchenry1/index_maps.html,9515.199951171875,202,175
/~nmchenry1/index_maps.html,9531.199951171875,198,172
/~nmchenry1/index_maps.html,9549.199951171875,196,171
/~nmchenry1/index_maps.html,9565.199951171875,194,170
/~nmchenry1/index_maps.html,9615.199951171875,193,169
/~nmchenry1/index_maps.html,9631.199951171875,186,165
/~nmchenry1/index_maps.html,9649.199951171875,173,158
/~nmchenry1/index_maps.html,9664.199951171875,157,149
/~nmchenry1/index_maps.html,9681.199951171875,146,142
/~nmchenry1/index_maps.html,9698.199951171875,138,136
/~nmchenry1/index_maps.html,9714.199951171875,136,133
/~nmchenry1/index_maps.html,9732.199951171875,135,129
/~nmchenry1/index_maps.html,9749.199951171875,134,128
/~nmchenry1/index_maps.html,9882.199951171875,135,128
/~nmchenry1/index_maps.html,9916.199951171875,136,128
/~nmchenry1/index_maps.html,9932.199951171875,138,128
/~nmchenry1/index_maps.html,9949.199951171875,143,128
/~nmchenry1/index_maps.html,9965.199951171875,148,129
/~nmchenry1/index_maps.html,9982.199951171875,152,129
/~nmchenry1/index_maps.html,9998.199951171875,154,129
/~nmchenry1/index_maps.html,10008.199951171875,155,129
